Year,Average Age mean,Average Net Result mean,Average Mark var,current_match_ranking mean,current_match_ranking min,Average Mark min,Nation mean,Athlete,Years to Olympics,Finalist_Weight
2011.0,19.0,10.035,0.0008,2.0,1.0,10.25,1162.025794,1.0,2.0,0.0
2012.0,19.4,10.009,0.004533333,2.5,1.0,10.09,1162.025794,1.0,1.0,0.0
2013.0,20.5,10.03333333,0.006584091,1.916666667,1.0,10.01,1162.025794,1.0,4.0,0.0
2014.0,21.55555556,10.08666667,0.003136111,2.0,1.0,10.07,1162.025794,1.0,3.0,0.0
2015.0,23.0,9.955,0.002758333,3.0,1.0,10.03,1162.025794,1.0,2.0,0.0
2016.0,23.72727273,10.00363636,0.012609091,3.0,1.0,9.95,1162.025794,1.0,1.0,0.0
2017.0,24.33333333,10.02,0.025633333,3.666666667,2.0,9.98,1162.025794,1.0,5.0,0.0
2018.0,25.66666667,10.16333333,0.002946667,1.833333333,1.0,10.12,1162.025794,1.0,4.0,0.0
2019.0,26.75,10.0475,0.008244697,2.416666667,1.0,9.96,1162.025794,1.0,3.0,0.0
2020.0,28.0,10.074,0.00207,2.8,1.0,10.15,1162.025794,1.0,2.0,0.0
2021.0,28.5,10.0375,0.0017,3.75,1.0,10.08,1162.025794,1.0,1.0,0.0
2012.0,19.0,10.06,0.009309695,1.0,1.0,10.19,1179.629412,2.0,1.0,0.0
2013.0,19.0,9.75,0.009309695,2.0,2.0,10.24,1179.629412,2.0,4.0,1.0
2014.0,20.0,10.15142857,0.005687912,2.071428571,1.0,10.02,1179.629412,2.0,3.0,1.0
2015.0,21.0,10.12904762,0.00965368,2.045454545,1.0,9.97,1179.629412,2.0,2.0,1.0
2016.0,22.0,10.02631579,0.015516374,2.105263158,1.0,9.89,1179.629412,2.0,1.0,1.0
2017.0,23.0,9.9925,0.006402917,2.1875,1.0,9.92,1179.629412,2.0,5.0,1.0
2018.0,24.0,10.0405,0.006448421,2.45,1.0,9.93,1179.629412,2.0,4.0,1.0
2019.0,25.1875,10.010625,0.006398333,2.5625,1.0,9.92,1179.629412,2.0,3.0,1.0
2020.0,26.0,10.02,0.010680952,1.0,1.0,9.91,1179.629412,2.0,2.0,1.0
2021.0,27.0,10.015625,0.013688971,2.294117647,1.0,9.82,1179.629412,2.0,1.0,1.0
2013.0,18.0,9.795,0.013696667,1.166666667,1.0,9.96,1162.025794,3.0,4.0,1.0
2014.0,19.0,9.96,0.013233333,1.333333333,1.0,10.03,1162.025794,3.0,3.0,1.0
2015.0,20.0,9.852352941,0.008750735,1.529411765,1.0,9.75,1162.025794,3.0,2.0,1.0
2016.0,21.0,9.974166667,0.009154545,2.083333333,1.0,9.91,1162.025794,3.0,1.0,1.0
2017.0,22.0,9.9475,0.027392857,2.0,1.0,9.69,1162.025794,3.0,5.0,1.0
2018.0,23.0,10.15,0.0025,5.0,3.0,10.15,1162.025794,3.0,4.0,1.0
2019.0,24.0,10.01769231,0.005357692,2.307692308,1.0,9.9,1162.025794,3.0,3.0,1.0
2020.0,25.0,9.905,0.0121,1.75,1.0,9.97,1162.025794,3.0,2.0,1.0
2021.0,26.0,9.903076923,0.0193,2.076923077,1.0,9.74,1162.025794,3.0,1.0,1.0
2017.0,20.0,10.15875,0.001171429,1.375,1.0,10.19,1147.590476,4.0,5.0,0.0
2018.0,21.0,10.03533333,0.008538095,2.785714286,1.0,9.94,1147.590476,4.0,4.0,0.0
2019.0,22.0,10.12909091,0.011272727,3.045454545,1.0,9.93,1147.590476,4.0,3.0,0.0
2020.0,23.0,10.208,0.00837,1.6,1.0,10.04,1147.590476,4.0,2.0,0.0
2021.0,24.0,9.997272727,0.007805455,2.545454545,1.0,10.01,1147.590476,4.0,1.0,0.0
2002.0,19.0,10.164,0.002581818,2.272727273,1.0,10.12,1169.777336,5.0,3.0,0.0
2003.0,20.0,10.02777778,0.003444444,1.666666667,1.0,10.02,1169.777336,5.0,2.0,0.0
2004.0,21.0,10.01857143,0.013191209,1.357142857,1.0,9.87,1169.777336,5.0,1.0,0.0
2005.0,22.0,9.77125,0.013335714,1.25,1.0,9.77,1169.777336,5.0,4.0,1.0
2006.0,23.0,9.9435,0.021019737,1.0,1.0,9.77,1169.777336,5.0,3.0,1.0
2007.0,24.0,9.962666667,0.020180952,1.2,1.0,9.74,1169.777336,5.0,2.0,1.0
2008.0,25.0,9.939047619,0.020424762,1.476190476,1.0,9.72,1169.777336,5.0,1.0,1.0
2009.0,26.0,9.988695652,0.015120949,2.043478261,1.0,9.82,1169.777336,5.0,4.0,1.0
2010.0,27.0,9.829,0.015826667,1.2,1.0,9.72,1169.777336,5.0,3.0,1.0
2011.0,28.0,9.849090909,0.005681818,1.181818182,1.0,9.78,1169.777336,5.0,2.0,1.0
2012.0,29.0,9.914444444,0.011536111,1.888888889,1.0,9.85,1169.777336,5.0,1.0,1.0
2014.0,31.0,10.015,0.019783929,2.125,1.0,9.87,1169.777336,5.0,3.0,0.0
2015.0,32.0,9.972105263,0.006745029,1.631578947,1.0,9.81,1169.777336,5.0,2.0,0.0
2016.0,33.0,9.98,0.00675,1.928571429,1.0,9.92,1169.777336,5.0,1.0,0.0
2017.0,34.0,10.15142857,0.002195238,2.857142857,1.0,10.08,1169.777336,5.0,5.0,0.0
2018.0,35.0,10.25,0.011582845,4.0,4.0,10.24,1169.777336,5.0,4.0,0.0
2019.0,36.0,10.12125,0.007507143,2.75,1.0,10.02,1169.777336,5.0,3.0,0.0
2021.0,38.0,9.62,0.011582845,2.0,2.0,10.07,1169.777336,5.0,1.0,0.0
1992.0,18.0,10.15333333,0.0019,1.0,1.0,10.22,1162.476471,6.0,1.0,0.0
1993.0,19.0,10.16,0.007109192,1.0,1.0,10.23,1162.476471,6.0,4.0,1.0
1994.0,20.0,9.903333333,0.001733333,3.0,2.0,10.07,1162.476471,6.0,3.0,1.0
1995.0,21.0,10.116875,0.00728,1.875,1.0,10.01,1162.476471,6.0,2.0,1.0
1996.0,22.0,10.00842105,0.00845614,2.117647059,1.0,9.9,1162.476471,6.0,1.0,1.0
1997.0,23.0,9.97,0.013641818,2.545454545,1.0,9.87,1162.476471,6.0,4.0,0.0
1998.0,24.0,9.985714286,0.010754762,1.65,1.0,9.86,1162.476471,6.0,3.0,0.0
1999.0,25.0,9.92125,0.012869643,1.375,1.0,9.86,1162.476471,6.0,2.0,0.0
2000.0,26.0,10.02952381,0.008049048,2.277777778,1.0,9.95,1162.476471,6.0,1.0,0.0
2001.0,27.0,10.05882353,0.013577941,2.235294118,1.0,9.88,1162.476471,6.0,4.0,1.0
2002.0,28.0,10.06,0.0002,7.0,6.0,10.23,1162.476471,6.0,3.0,1.0
2003.0,29.0,10.13285714,0.006047619,4.285714286,1.0,10.09,1162.476471,6.0,2.0,1.0
2004.0,30.0,10.14,0.0008,1.5,1.0,10.09,1162.476471,6.0,1.0,1.0
1996.0,19.0,10.24,0.004641093,1.0,1.0,10.3,1142.260684,7.0,1.0,0.0
1997.0,20.0,10.24333333,0.000233333,3.666666667,3.0,10.26,1142.260684,7.0,4.0,0.0
1998.0,21.66666667,10.20666667,0.0048,1.0,1.0,10.17,1142.260684,7.0,3.0,0.0
1999.0,22.0,9.76,0.004641093,5.0,5.0,10.08,1142.260684,7.0,2.0,0.0
2000.0,23.25,10.12416667,0.003420455,2.583333333,1.0,10.06,1142.260684,7.0,1.0,0.0
2001.0,24.1,10.151,0.006689211,2.4,1.0,10.04,1142.260684,7.0,4.0,1.0
2002.0,25.07692308,10.12230769,0.001985897,3.615384615,2.0,10.13,1142.260684,7.0,3.0,1.0
2003.0,26.0,10.1975,0.010199583,2.75,1.0,9.98,1142.260684,7.0,2.0,1.0
2004.0,27.14285714,10.20761905,0.007575714,2.238095238,1.0,10.0,1142.260684,7.0,1.0,1.0
2005.0,28.15789474,10.06736842,0.009832164,2.631578947,1.0,9.99,1142.260684,7.0,4.0,0.0
2006.0,29.0,10.215,0.0002,4.0,3.0,10.22,1142.260684,7.0,3.0,0.0
2008.0,31.2,10.094,0.00143,2.2,1.0,10.15,1142.260684,7.0,1.0,0.0
2009.0,32.0,10.1775,0.006758333,1.0,1.0,10.12,1142.260684,7.0,4.0,0.0
2010.0,33.125,10.1775,0.004742857,2.0,1.0,10.12,1142.260684,7.0,3.0,0.0
2011.0,34.16666667,10.015,0.002466667,1.666666667,1.0,10.16,1142.260684,7.0,2.0,0.0
1998.0,20.0,9.95125,0.005992857,2.2,1.0,10.03,1168.445443,8.0,3.0,0.0
1999.0,21.0,10.026,0.005601111,3.571428571,1.0,10.08,1168.445443,8.0,2.0,0.0
2000.0,22.0,10.04695652,0.007622134,2.875,1.0,9.99,1168.445443,8.0,1.0,0.0
2001.0,23.0,10.00333333,0.008652857,1.95,1.0,9.94,1168.445443,8.0,4.0,0.0
2002.0,24.0,10.09736842,0.007811696,2.315789474,1.0,9.99,1168.445443,8.0,3.0,0.0
2003.0,25.0,10.05555556,0.003261438,2.444444444,1.0,10.04,1168.445443,8.0,2.0,0.0
2004.0,26.0,10.13,0.00403,3.4,2.0,10.04,1168.445443,8.0,1.0,0.0
2005.0,27.0,10.13333333,0.000433333,2.666666667,1.0,10.26,1168.445443,8.0,4.0,0.0
2006.0,28.0,10.17285714,0.001947619,3.571428571,2.0,10.17,1168.445443,8.0,3.0,0.0
2007.0,29.0,10.165,0.00068,3.5,2.0,10.22,1168.445443,8.0,2.0,0.0
2008.0,30.0,10.12333333,0.0019,2.5,2.0,10.21,1168.445443,8.0,1.0,0.0
2009.0,31.0,9.9575,0.005066667,4.25,1.0,10.14,1168.445443,8.0,4.0,0.0
1994.0,19.0,10.11,0.006602206,5.0,5.0,10.27,1168.445443,9.0,3.0,0.0
1995.0,20.0,9.75,0.012433333,2.333333333,1.0,10.03,1168.445443,9.0,2.0,0.0
1996.0,21.0,10.09909091,0.009469091,2.333333333,1.0,10.03,1168.445443,9.0,1.0,0.0
1997.0,22.0,10.18,0.007363187,2.75,1.0,10.0,1168.445443,9.0,4.0,0.0
1998.0,23.0,10.04652174,0.006931225,2.857142857,1.0,9.98,1168.445443,9.0,3.0,0.0
1999.0,24.0,10.086875,0.008413333,2.769230769,1.0,10.0,1168.445443,9.0,2.0,0.0
2000.0,25.0,10.08347826,0.007985771,2.611111111,1.0,9.96,1168.445443,9.0,1.0,0.0
2001.0,26.0,10.0625,0.003415152,2.818181818,1.0,10.1,1168.445443,9.0,4.0,0.0
2002.0,27.0,9.953333333,0.00815,1.666666667,1.0,9.99,1168.445443,9.0,3.0,0.0
2003.0,28.0,10.06666667,0.004616667,2.833333333,1.0,10.1,1168.445443,9.0,2.0,0.0
2004.0,29.0,10.219,0.002098889,2.5,1.0,10.14,1168.445443,9.0,1.0,0.0
2005.0,30.0,10.14571429,0.001747619,2.714285714,1.0,10.16,1168.445443,9.0,4.0,0.0
1989.0,21.66666667,10.01666667,0.003433333,2.0,1.0,10.14,1162.025794,10.0,4.0,0.0
1990.0,22.0,10.11,0.006823538,3.0,3.0,10.24,1162.025794,10.0,3.0,0.0
1991.0,23.6875,10.10375,0.008299583,2.6,1.0,10.01,1162.025794,10.0,2.0,0.0
1992.0,24.75,10.15583333,0.004111364,2.416666667,1.0,10.05,1162.025794,10.0,1.0,0.0
1993.0,25.75,10.125,0.004942917,2.9375,1.0,10.02,1162.025794,10.0,4.0,1.0
1994.0,26.18181818,10.077,0.003247273,2.8,1.0,10.08,1162.025794,10.0,3.0,1.0
1995.0,27.77272727,10.07136364,0.01107381,2.090909091,1.0,9.92,1162.025794,10.0,2.0,1.0
1996.0,28.66666667,10.19611111,0.006920588,3.705882353,1.0,10.03,1162.025794,10.0,1.0,1.0
1997.0,29.63636364,10.25,0.005656364,4.5,1.0,10.06,1162.025794,10.0,4.0,0.0
1998.0,30.70588235,10.09411765,0.010090441,3.5625,1.0,9.89,1162.025794,10.0,3.0,0.0
1999.0,31.5,10.02888889,0.015527124,1.5625,1.0,9.84,1162.025794,10.0,2.0,0.0
2000.0,32.38461538,10.05307692,0.004741026,2.0,1.0,10.05,1162.025794,10.0,1.0,0.0
2001.0,33.5,10.15916667,0.003838636,1.75,1.0,10.11,1162.025794,10.0,4.0,0.0
1980.0,19.0,10.1,0.0012,2.666666667,2.0,10.17,1168.445443,11.0,5.0,0.0
1981.0,20.0,10.16,0.0,1.5,1.0,10.21,1168.445443,11.0,4.0,1.0
1982.0,21.0,9.98,0.015490476,1.142857143,1.0,9.91,1168.445443,11.0,3.0,1.0
1983.0,22.0,10.05555556,0.012176471,1.277777778,1.0,9.93,1168.445443,11.0,2.0,1.0
1984.0,23.0,9.991818182,0.013749091,1.636363636,1.0,9.94,1168.445443,11.0,1.0,1.0
1985.0,24.0,10.155,0.003358333,2.0,1.0,10.1,1168.445443,11.0,4.0,1.0
1986.0,25.0,10.208,0.00051,2.0,1.0,10.19,1168.445443,11.0,3.0,1.0
1987.0,26.0,10.13357143,0.005934066,1.785714286,1.0,10.07,1168.445443,11.0,2.0,1.0
1988.0,27.0,9.992352941,0.013898246,1.368421053,1.0,9.87,1168.445443,11.0,1.0,1.0
1989.0,28.0,10.092,0.00867,1.4,1.0,10.05,1168.445443,11.0,4.0,0.0
1990.0,29.0,10.18222222,0.0056,2.555555556,1.0,10.04,1168.445443,11.0,3.0,0.0
1992.0,31.0,10.12,0.002266667,2.666666667,1.0,10.14,1168.445443,11.0,1.0,0.0
1993.0,32.0,10.102,0.00544,2.333333333,1.0,10.06,1168.445443,11.0,4.0,0.0
1994.0,33.0,10.2,0.001633333,5.666666667,4.0,10.22,1168.445443,11.0,3.0,0.0
1995.0,34.0,10.21,0.008969194,1.0,1.0,10.25,1168.445443,11.0,2.0,0.0
1996.0,35.0,10.07,0.008969194,4.0,4.0,10.25,1168.445443,11.0,1.0,0.0
1980.0,18.625,10.1975,0.001171429,2.25,1.0,10.21,1168.445443,12.0,5.0,0.0
1981.0,19.25,10.11166667,0.007860606,1.333333333,1.0,9.99,1168.445443,12.0,4.0,1.0
1982.0,20.5,9.956,0.007066667,1.166666667,1.0,10.0,1168.445443,12.0,3.0,1.0
1983.0,21.4,10.034,0.01356,1.1,1.0,9.93,1168.445443,12.0,2.0,1.0
1984.0,22.5,10.04666667,0.004051515,1.0,1.0,9.99,1168.445443,12.0,1.0,1.0
1985.0,23.4,9.958,0.01702,1.0,1.0,9.9,1168.445443,12.0,4.0,1.0
1986.0,24.25,9.98,0.011469643,1.5,1.0,9.91,1168.445443,12.0,3.0,1.0
1987.0,25.45454545,9.999090909,0.003247273,1.090909091,1.0,9.93,1168.445443,12.0,2.0,1.0
1988.0,26.73333333,9.879333333,0.014026667,1.266666667,1.0,9.78,1168.445443,12.0,1.0,1.0
1989.0,27.6,10.09,0.00112,1.2,1.0,10.05,1168.445443,12.0,4.0,0.0
1990.0,28.7,10.074,0.00541,1.555555556,1.0,10.05,1168.445443,12.0,3.0,0.0
1991.0,29.72727273,9.916363636,0.016687273,1.454545455,1.0,9.8,1168.445443,12.0,2.0,0.0
1992.0,30.66666667,10.01666667,0.0095,1.666666667,1.0,9.95,1168.445443,12.0,1.0,0.0
1993.0,31.66666667,9.950833333,0.007627273,2.5,1.0,9.9,1168.445443,12.0,4.0,0.0
1994.0,32.33333333,10.1,0.01,1.0,1.0,10.04,1168.445443,12.0,3.0,0.0
1995.0,33.5,9.79,0.04805,4.0,3.0,9.94,1168.445443,12.0,2.0,0.0
1996.0,34.125,9.94625,0.01025,3.142857143,1.0,9.94,1168.445443,12.0,1.0,0.0
2012.0,18.0,10.11,0.008969194,1.0,1.0,10.26,1150.210219,13.0,1.0,0.0
2014.0,20.0,10.1575,0.006225,2.3125,1.0,9.96,1150.210219,13.0,3.0,0.0
2015.0,21.0,10.05142857,0.005195604,3.214285714,1.0,9.96,1150.210219,13.0,2.0,0.0
2016.0,22.0,10.144,0.007248421,3.0,1.0,9.97,1150.210219,13.0,1.0,0.0
2017.0,23.0,10.02384615,0.008002564,1.846153846,1.0,9.95,1150.210219,13.0,5.0,0.0
2018.0,24.0,10.1225,0.001651515,4.166666667,1.0,10.06,1150.210219,13.0,4.0,0.0
2019.0,25.0,10.21,0.002306667,3.666666667,2.0,10.13,1150.210219,13.0,3.0,0.0
2020.0,26.0,10.12,0.005,1.5,1.0,10.17,1150.210219,13.0,2.0,0.0
2021.0,27.0,10.0325,0.001742857,2.125,1.0,10.03,1150.210219,13.0,1.0,0.0
2008.0,18.0,10.14,0.0008,1.5,1.0,10.26,1165.952586,14.0,1.0,0.0
2009.0,18.63636364,10.10090909,0.009007273,1.0,1.0,10.03,1165.952586,14.0,4.0,0.0
2010.0,19.78947368,10.10157895,0.007716374,1.631578947,1.0,9.97,1165.952586,14.0,3.0,0.0
2011.0,20.71428571,10.025,0.008422527,1.857142857,1.0,9.92,1165.952586,14.0,2.0,0.0
2012.0,21.81818182,9.987272727,0.005007273,1.818181818,1.0,9.94,1165.952586,14.0,1.0,0.0
2013.0,22.63636364,10.12545455,0.011147273,2.7,1.0,9.98,1165.952586,14.0,4.0,0.0
2014.0,24.0,10.088,0.002333333,2.5,1.0,10.1,1165.952586,14.0,3.0,0.0
2015.0,24.77777778,10.19333333,0.003144444,2.777777778,1.0,10.07,1165.952586,14.0,2.0,0.0
2016.0,25.57142857,10.08714286,0.00252381,2.428571429,1.0,10.07,1165.952586,14.0,1.0,0.0
2017.0,26.5,10.14,0.00045,3.5,1.0,10.18,1165.952586,14.0,5.0,0.0
2018.0,28.0,10.08,0.004598692,6.0,6.0,10.17,1165.952586,14.0,4.0,0.0
2019.0,29.0,10.22333333,3.33e-05,2.0,1.0,10.27,1165.952586,14.0,3.0,0.0
2002.0,18.0,10.17,0.007624549,1.0,1.0,10.3,1158.621951,15.0,3.0,0.0
2003.0,18.5,10.115,0.00045,1.5,1.0,10.26,1158.621951,15.0,2.0,0.0
2004.0,19.57142857,10.13714286,0.002814286,2.285714286,1.0,10.13,1158.621951,15.0,1.0,0.0
2005.0,20.5,10.04166667,0.011656667,1.833333333,1.0,9.93,1158.621951,15.0,4.0,0.0
2006.0,21.33333333,9.948,0.019626667,2.333333333,1.0,9.76,1158.621951,15.0,3.0,0.0
2007.0,22.8125,10.115625,0.002211667,2.5625,1.0,10.06,1158.621951,15.0,2.0,0.0
2008.0,23.8,10.105,0.013706667,3.5,1.0,9.93,1158.621951,15.0,1.0,0.0
2009.0,24.69230769,10.11615385,0.008119231,3.538461538,1.0,9.97,1158.621951,15.0,4.0,1.0
2010.0,25.33333333,9.991666667,0.008553788,2.833333333,1.0,9.92,1158.621951,15.0,3.0,1.0
2011.0,26.4,10.156,0.00316,3.3,1.0,10.1,1148.84058,15.0,2.0,1.0
2012.0,27.5,10.14833333,0.02575,2.166666667,1.0,9.91,1148.84058,15.0,1.0,1.0
2013.0,28.85714286,10.03285714,0.004295238,2.571428571,1.0,10.03,1148.84058,15.0,4.0,0.0
2014.0,29.55555556,10.15111111,0.003352778,3.333333333,1.0,10.13,1148.84058,15.0,3.0,0.0
2015.0,30.77777778,10.07333333,0.005075,2.888888889,1.0,10.06,1148.84058,15.0,2.0,0.0
2016.0,31.57142857,10.09,0.004668681,2.857142857,1.0,10.01,1148.84058,15.0,1.0,0.0
2017.0,32.0,10.064,0.01243,4.2,3.0,10.0,1148.84058,15.0,5.0,0.0
2018.0,33.66666667,10.16,0.002496667,3.166666667,1.0,10.16,1148.84058,15.0,4.0,0.0
2019.0,34.0,10.145,0.00125,3.0,2.0,10.19,1148.84058,15.0,3.0,0.0
2021.0,37.0,9.83,0.007624549,3.0,3.0,10.13,1148.84058,15.0,1.0,0.0
2000.0,22.0,9.84,0.003091667,1.666666667,1.0,10.09,1168.445443,16.0,1.0,0.0
2001.0,23.0,10.006,0.00365,2.2,1.0,10.14,1168.445443,16.0,4.0,0.0
2002.0,24.0,10.17416667,0.002736364,2.666666667,1.0,10.14,1168.445443,16.0,3.0,0.0
2003.0,25.0,10.0,0.01545,1.8,1.0,9.97,1168.445443,16.0,2.0,0.0
2004.0,26.0,10.00428571,0.01632381,2.833333333,1.0,9.89,1168.445443,16.0,1.0,0.0
2005.0,27.0,10.09,0.009619539,7.0,7.0,10.27,1168.445443,16.0,4.0,1.0
2006.0,28.0,10.165,0.005,2.0,1.0,10.19,1168.445443,16.0,3.0,1.0
2007.0,29.0,10.15866667,0.004102857,4.0,1.0,10.11,1168.445443,16.0,2.0,1.0
2008.0,30.0,9.96625,0.012533333,3.1875,1.0,9.84,1168.445443,16.0,1.0,1.0
2009.0,31.0,9.917647059,0.010876471,2.470588235,1.0,9.89,1168.445443,16.0,4.0,0.0
2010.0,32.0,10.17333333,0.0007,1.666666667,1.0,10.19,1168.445443,16.0,3.0,0.0
2011.0,33.0,9.964444444,0.006894444,3.0,1.0,9.94,1168.445443,16.0,2.0,0.0
2012.0,34.0,10.05071429,0.007295055,3.642857143,1.0,9.96,1168.445443,16.0,1.0,0.0
2013.0,35.0,9.886666667,0.0364,1.333333333,1.0,9.75,1168.445443,16.0,4.0,0.0
1994.0,18.0,10.15,0.0018,1.0,1.0,10.17,1146.033254,17.0,3.0,0.0
1995.0,19.0,10.09666667,0.01,2.0,1.0,10.02,1146.033254,17.0,2.0,0.0
1996.0,20.0,10.07125,0.003469643,2.875,1.0,10.11,1146.033254,17.0,1.0,0.0
1997.0,21.0,10.09785714,0.002917033,2.307692308,1.0,10.09,1146.033254,17.0,4.0,0.0
1998.0,22.0,10.05111111,0.004061111,1.625,1.0,10.08,1146.033254,17.0,3.0,0.0
1999.0,23.0,10.12272727,0.004685455,3.125,1.0,10.07,1146.033254,17.0,2.0,0.0
2000.0,24.0,10.12125,0.003507143,2.428571429,1.0,10.1,1146.033254,17.0,1.0,0.0
2001.0,25.0,10.14,0.004883929,1.75,1.0,10.07,1146.033254,17.0,4.0,0.0
2002.0,26.0,10.17526316,0.005811696,2.315789474,1.0,10.03,1146.033254,17.0,3.0,0.0
2003.0,27.0,10.10454545,0.007464069,2.090909091,1.0,9.95,1146.033254,17.0,2.0,0.0
2004.0,28.0,10.06818182,0.003676364,2.727272727,1.0,10.07,1146.033254,17.0,1.0,0.0
2005.0,29.0,10.16,0.001514286,4.285714286,1.0,10.19,1146.033254,17.0,4.0,0.0
2006.0,30.0,10.05888889,0.007044444,2.333333333,1.0,10.07,1146.033254,17.0,3.0,0.0
2007.0,31.0,10.05,0.004679629,3.0,3.0,10.22,1146.033254,17.0,2.0,0.0
2008.0,32.0,10.24,0.0002,2.0,2.0,10.26,1146.033254,17.0,1.0,0.0
1985.0,19.0,10.035,5e-05,1.5,1.0,10.21,1168.445443,18.0,4.0,1.0
1987.0,21.0,10.05285714,0.004895238,2.571428571,1.0,10.11,1168.445443,18.0,2.0,1.0
1988.0,22.0,10.03588235,0.008605556,1.944444444,1.0,9.86,1168.445443,18.0,1.0,1.0
1989.0,23.0,10.045,0.00776044,1.642857143,1.0,10.0,1168.445443,18.0,4.0,1.0
1990.0,24.0,10.09333333,0.004161111,1.875,1.0,10.05,1168.445443,18.0,3.0,1.0
1991.0,25.0,10.0945,0.00992619,1.736842105,1.0,9.91,1168.445443,18.0,2.0,1.0
1992.0,26.0,10.11416667,0.005899819,1.791666667,1.0,9.94,1168.445443,18.0,1.0,1.0
1993.0,27.0,10.01,0.015763187,1.714285714,1.0,9.85,1168.445443,18.0,4.0,1.0
1994.0,28.0,10.0575,0.00837808,1.541666667,1.0,9.94,1168.445443,18.0,3.0,1.0
1995.0,29.0,10.10363636,0.005369091,3.0,1.0,10.03,1168.445443,18.0,2.0,1.0
1996.0,30.0,10.05,0.009033385,2.0,1.0,9.91,1168.445443,18.0,1.0,1.0
1997.0,31.0,10.12944444,0.007252614,2.9375,1.0,10.01,1168.445443,18.0,4.0,1.0
1998.0,32.0,10.3,0.007293565,3.0,3.0,10.25,1168.445443,18.0,3.0,1.0
2000.0,34.0,10.14736842,0.004520468,2.6,1.0,10.04,1168.445443,18.0,1.0,1.0
2001.0,35.0,10.09461538,0.005092308,3.166666667,1.0,10.07,1168.445443,18.0,4.0,0.0
2004.0,21.0,9.885,0.005,5.5,5.0,10.19,1168.445443,18.0,1.0,0.0
1994.0,26.0,10.16411765,0.005959649,2.388888889,1.0,10.03,1162.025794,19.0,3.0,0.0
1995.0,27.0,10.05884615,0.008338462,1.576923077,1.0,9.91,1162.025794,19.0,2.0,0.0
1996.0,28.0,10.00481481,0.010862678,1.807692308,1.0,9.84,1162.025794,19.0,1.0,0.0
1997.0,29.0,10.05,0.010630065,1.875,1.0,9.91,1162.025794,19.0,4.0,1.0
1998.0,30.0,10.11076923,0.013739744,1.666666667,1.0,9.93,1162.025794,19.0,3.0,1.0
1999.0,31.0,10.0,0.002966667,2.75,2.0,10.19,1162.025794,19.0,2.0,1.0
2000.0,32.0,10.04714286,0.010318681,3.583333333,1.0,9.98,1162.025794,19.0,1.0,1.0
2001.0,33.0,10.10857143,0.003228571,1.714285714,1.0,10.11,1162.025794,19.0,4.0,0.0
1997.0,19.0,10.06666667,0.005696667,1.6,1.0,10.06,1150.210219,20.0,4.0,0.0
1998.0,20.0,10.21909091,0.007309091,3.0,1.0,10.03,1150.210219,20.0,3.0,0.0
1999.0,21.0,10.05666667,0.009426667,2.357142857,1.0,9.97,1150.210219,20.0,2.0,0.0
2000.0,22.0,10.18083333,0.006851515,3.4,1.0,10.08,1150.210219,20.0,1.0,0.0
2001.0,23.0,10.06166667,0.008047059,2.055555556,1.0,9.97,1150.210219,20.0,4.0,0.0
2006.0,28.0,10.05166667,0.004986667,3.166666667,1.0,10.07,1150.210219,20.0,3.0,0.0
2008.0,30.0,10.10333333,0.009919444,1.333333333,1.0,10.0,1150.210219,20.0,1.0,0.0
2009.0,31.0,10.16714286,0.00778022,1.714285714,1.0,10.0,1150.210219,20.0,4.0,0.0
2010.0,32.0,10.25357143,0.006221978,1.5,1.0,9.99,1150.210219,20.0,3.0,0.0
2011.0,33.0,10.14647059,0.008123529,1.647058824,1.0,10.01,1150.210219,20.0,2.0,0.0
2012.0,34.0,10.06,0.014477778,2.25,1.0,10.02,1150.210219,20.0,1.0,0.0
2013.0,35.0,10.03888889,0.006325,2.555555556,1.0,10.02,1150.210219,20.0,4.0,0.0
2014.0,36.0,10.12222222,0.006027778,3.444444444,1.0,10.06,1150.210219,20.0,3.0,0.0
2016.0,38.0,10.06666667,0.0093,4.333333333,1.0,10.11,1150.210219,20.0,1.0,0.0
1996.0,21.0,10.28142857,0.000390476,2.857142857,1.0,10.23,1142.260684,21.0,1.0,0.0
1997.0,22.0,10.15,0.004845714,2.333333333,1.0,10.06,1142.260684,21.0,4.0,0.0
1998.0,23.0,10.1375,0.004928439,2.117647059,1.0,10.03,1142.260684,21.0,3.0,0.0
1999.0,24.0,10.11958333,0.005638949,2.421052632,1.0,10.0,1142.260684,21.0,2.0,0.0
2002.0,27.0,10.2075,0.004825,2.25,1.0,10.15,1142.260684,21.0,3.0,0.0
2003.0,28.0,10.191,0.003185263,1.85,1.0,10.12,1142.260684,21.0,2.0,0.0
2004.0,29.0,10.22,0.003968974,2.0,2.0,10.27,1142.260684,21.0,1.0,0.0
2007.0,32.0,9.86,0.003968974,2.0,2.0,10.29,1142.260684,21.0,2.0,0.0
1996.0,17.0,10.15333333,0.005496667,1.0,1.0,10.12,1146.033254,22.0,1.0,0.0
1997.0,18.0,10.08166667,0.004360606,1.818181818,1.0,10.1,1146.033254,22.0,4.0,0.0
1998.0,19.0,10.05375,0.00551625,3.0,1.0,10.01,1146.033254,22.0,3.0,0.0
1999.0,20.0,10.07888889,0.006775,1.285714286,1.0,10.01,1146.033254,22.0,2.0,0.0
2000.0,21.0,10.081,0.008844444,2.666666667,1.0,9.97,1146.033254,22.0,1.0,0.0
2001.0,22.0,10.09666667,0.010636111,2.444444444,1.0,9.98,1146.033254,22.0,4.0,0.0
2002.0,23.0,10.10235294,0.004934559,2.294117647,1.0,10.01,1155.080295,22.0,3.0,0.0
2003.0,24.0,10.11333333,0.008633333,2.666666667,1.0,10.11,1157.864,22.0,2.0,0.0
2004.0,25.0,9.941538462,0.006075641,1.923076923,1.0,9.86,1157.864,22.0,1.0,0.0
2005.0,26.0,10.075,0.003167647,2.944444444,1.0,10.04,1157.864,22.0,4.0,0.0
2006.0,27.0,10.05148148,0.011646439,2.481481481,1.0,9.84,1157.864,22.0,3.0,0.0
2007.0,28.0,10.14222222,0.004811765,2.833333333,1.0,9.99,1157.864,22.0,2.0,0.0
2008.0,29.0,10.14615385,0.003747436,2.230769231,1.0,10.04,1157.864,22.0,1.0,0.0
2009.0,30.0,9.92,0.002426786,1.5,1.0,10.06,1157.864,22.0,4.0,0.0
2010.0,31.0,10.26333333,0.001746667,1.833333333,1.0,10.18,1157.864,22.0,3.0,0.0
2011.0,32.0,10.114,0.002,3.6,2.0,10.18,1157.864,22.0,2.0,0.0
2014.0,35.0,9.9,0.005676209,2.0,2.0,10.28,1157.864,22.0,3.0,0.0
1988.0,20.0,10.21,0.006805831,1.0,1.0,10.25,1165.89899,23.0,1.0,0.0
1989.0,21.0,9.99,0.010891667,3.5,1.0,10.02,1165.89899,23.0,4.0,0.0
1990.0,22.0,9.9875,0.00163,1.0,1.0,10.15,1165.89899,23.0,3.0,0.0
1991.0,23.0,10.01066667,0.010672917,2.0,1.0,9.89,1165.89899,23.0,2.0,0.0
1992.0,24.0,10.09714286,0.009903846,1.928571429,1.0,9.91,1165.89899,23.0,1.0,0.0
1993.0,25.0,10.09181818,0.006838636,3.25,1.0,10.03,1165.89899,23.0,4.0,1.0
1994.0,26.0,10.005,0.005211538,2.285714286,1.0,10.0,1165.89899,23.0,3.0,1.0
1995.0,27.0,10.05357143,0.004569231,2.428571429,1.0,10.03,1165.89899,23.0,2.0,1.0
1996.0,28.0,9.963846154,0.011419231,1.230769231,1.0,9.86,1165.89899,23.0,1.0,1.0
1997.0,29.0,10.00947368,0.011388889,1.315789474,1.0,9.9,1165.89899,23.0,4.0,0.0
1998.0,30.0,10.07193548,0.009356559,1.833333333,1.0,9.93,1165.89899,23.0,3.0,0.0
1999.0,31.0,10.06916667,0.012165909,2.1,1.0,9.94,1165.89899,23.0,2.0,0.0
2001.0,33.0,10.165,0.011366667,2.75,1.0,10.06,1165.89899,23.0,4.0,0.0
2002.0,34.0,10.10347826,0.013305929,1.391304348,1.0,9.85,1165.89899,23.0,3.0,0.0
2003.0,35.0,10.12222222,0.008277778,2.0,1.0,10.0,1165.89899,23.0,2.0,0.0
2004.0,36.0,10.21714286,0.003880952,2.857142857,1.0,10.12,1165.89899,23.0,1.0,0.0
2005.0,16.0,9.9,0.00474924,2.0,2.0,10.26,1150.210219,24.0,4.0,0.0
2006.0,18.0,9.64,0.00474924,1.0,1.0,10.26,1150.210219,24.0,3.0,0.0
2008.0,19.5,10.18,0.003899242,2.666666667,1.0,10.1,1150.210219,24.0,1.0,0.0
2009.0,20.16666667,10.13666667,0.003135606,2.416666667,1.0,10.13,1150.210219,24.0,4.0,0.0
2011.0,22.23529412,10.09,0.004886765,2.294117647,1.0,10.09,1150.210219,24.0,2.0,0.0
2012.0,23.5,10.1725,0.002091667,2.25,1.0,10.2,1150.210219,24.0,1.0,0.0
2013.0,24.0,10.115,0.004741071,2.375,1.0,10.08,1150.210219,24.0,4.0,0.0
2014.0,25.0,10.12375,0.002771667,2.875,1.0,10.08,1150.210219,24.0,3.0,0.0
2015.0,26.0,10.18,0.0042,1.25,1.0,10.16,1150.210219,24.0,2.0,0.0
2016.0,27.08333333,10.06416667,0.006481061,2.416666667,1.0,10.02,1150.210219,24.0,1.0,0.0
2017.0,28.05882353,10.03176471,0.008509559,2.823529412,1.0,9.9,1150.210219,24.0,5.0,0.0
2018.0,29.11111111,10.22666667,0.001925,4.555555556,2.0,10.18,1150.210219,24.0,4.0,0.0
2019.0,30.0,10.11111111,0.0096,3.333333333,1.0,10.0,1150.210219,24.0,3.0,0.0
2020.0,31.0,9.56,0.00474924,2.0,2.0,10.12,1150.210219,24.0,2.0,0.0
2012.0,22.0,10.02555556,0.00625,2.333333333,1.0,10.08,1168.445443,25.0,1.0,0.0
2013.0,23.0,9.937857143,0.013221978,2.0,1.0,9.93,1168.445443,25.0,4.0,0.0
2014.0,24.0,10.07,0.009164466,1.0,1.0,10.23,1168.445443,25.0,3.0,0.0
2015.0,25.0,9.867272727,0.014041818,2.272727273,1.0,9.82,1168.445443,25.0,2.0,0.0
2016.0,26.0,10.097,0.005854444,4.7,2.0,10.03,1168.445443,25.0,1.0,0.0
2017.0,27.0,10.08882353,0.012018382,3.176470588,1.0,9.95,1168.445443,25.0,5.0,0.0
2018.0,28.0,9.999444444,0.016183007,3.722222222,1.0,9.92,1168.445443,25.0,4.0,0.0
2019.0,29.0,10.09153846,0.005298901,2.5,1.0,9.99,1168.445443,25.0,3.0,0.0
2020.0,30.0,10.155,0.0002,2.0,1.0,10.2,1168.445443,25.0,2.0,0.0
2021.0,31.0,9.993125,0.009411667,3.125,1.0,9.89,1168.445443,25.0,1.0,0.0
2010.0,21.0,10.09,0.006145491,5.0,5.0,10.26,1169.777336,26.0,3.0,0.0
2011.0,22.0,10.06538462,0.007357692,1.461538462,1.0,10.03,1169.777336,26.0,2.0,0.0
2012.0,22.75,10.1175,0.004335606,3.583333333,1.0,10.08,1169.777336,26.0,1.0,0.0
2013.0,23.9375,10.08875,0.00659625,2.5,1.0,10.04,1169.777336,26.0,4.0,0.0
2014.0,25.0,10.27666667,0.005633333,2.666666667,1.0,10.17,1152.194444,26.0,3.0,0.0
2015.0,25.88888889,10.06111111,0.005524183,2.388888889,1.0,10.01,1152.194444,26.0,2.0,0.0
2016.0,26.72727273,10.10454545,0.011781818,2.363636364,1.0,9.92,1152.194444,26.0,1.0,0.0
2017.0,28.0,10.07076923,0.005983333,2.076923077,1.0,10.03,1152.194444,26.0,5.0,0.0
2018.0,28.91666667,10.04583333,0.011418182,2.166666667,1.0,9.91,1152.194444,26.0,4.0,0.0
2019.0,30.0,10.2,0.0067,3.5,1.0,10.14,1152.194444,26.0,3.0,0.0
2020.0,31.0,10.265,0.0,1.5,1.0,10.3,1152.194444,26.0,2.0,0.0
2021.0,32.0,10.28,0.00227,2.0,1.0,10.18,1152.194444,26.0,1.0,0.0
2010.0,18.0,10.1625,0.004833333,1.5,1.0,10.16,1165.952586,27.0,3.0,0.0
2011.0,19.0,10.10333333,0.005438095,2.266666667,1.0,10.07,1165.952586,27.0,2.0,0.0
2012.0,20.0,10.096875,0.007329583,2.6875,1.0,10.02,1165.952586,27.0,1.0,0.0
2013.0,21.0,10.06785714,0.011547802,2.928571429,1.0,9.95,1165.952586,27.0,4.0,1.0
2014.0,22.0,9.906,0.00513,1.6,1.0,9.89,1165.952586,27.0,3.0,1.0
2015.0,23.0,10.00866667,0.008820952,2.733333333,1.0,9.86,1165.952586,27.0,2.0,1.0
2016.0,24.0,9.950769231,0.008874359,2.307692308,1.0,9.86,1165.952586,27.0,1.0,1.0
2017.0,25.0,10.04428571,0.003214286,2.428571429,1.0,9.97,1165.952586,27.0,5.0,0.0
2018.0,26.0,9.91,0.00233,1.4,1.0,9.91,1165.952586,27.0,4.0,0.0
2019.0,27.0,10.12666667,0.006052381,2.133333333,1.0,10.02,1165.952586,27.0,3.0,0.0
2021.0,29.0,10.14666667,0.006986667,2.833333333,1.0,10.06,1165.952586,27.0,1.0,0.0
1987.0,18.0,10.19,0.005997712,1.0,1.0,10.28,1168.445443,28.0,2.0,0.0
1988.0,19.0,10.32,0.0,2.5,1.0,10.25,1168.445443,28.0,1.0,0.0
1989.0,20.0,10.23,0.00045,1.5,1.0,10.21,1168.445443,28.0,4.0,0.0
1990.0,21.0,9.99,0.00245,2.0,1.0,10.1,1168.445443,28.0,3.0,0.0
1991.0,22.0,9.9575,0.009966667,1.25,1.0,10.03,1168.445443,28.0,2.0,0.0
1992.0,23.0,10.13,0.0044,2.4,1.0,10.12,1168.445443,28.0,1.0,0.0
1993.0,24.06666667,9.967333333,0.00748381,2.333333333,1.0,9.92,1168.445443,28.0,4.0,0.0
1994.0,25.0,10.08913043,0.007471146,2.043478261,1.0,9.99,1168.445443,28.0,3.0,0.0
1995.0,26.23076923,10.13461538,0.003392308,3.230769231,1.0,10.08,1168.445443,28.0,2.0,0.0
1996.0,27.0,10.04380952,0.00670619,3.285714286,1.0,9.98,1168.445443,28.0,1.0,0.0
1997.0,28.125,9.97,0.006792857,2.666666667,1.0,9.92,1168.445443,28.0,4.0,0.0
1998.0,29.0,10.05666667,0.007826515,2.727272727,2.0,9.94,1168.445443,28.0,3.0,0.0
1999.0,30.0,10.07181818,0.002385455,3.111111111,1.0,10.04,1168.445443,28.0,2.0,0.0
2000.0,31.33333333,10.12666667,0.00399697,3.3,1.0,9.96,1168.445443,28.0,1.0,0.0
2001.0,32.0,9.998181818,0.003449091,3.0,1.0,10.04,1168.445443,28.0,4.0,1.0
2002.0,33.11111111,10.14166667,0.008836928,3.888888889,1.0,9.97,1168.445443,28.0,3.0,1.0
2003.0,34.0,10.175,0.003693182,2.666666667,1.0,10.07,1168.445443,28.0,2.0,1.0
2001.0,19.0,10.08,0.005546667,1.166666667,1.0,10.08,1168.445443,29.0,4.0,0.0
2003.0,21.0,10.06,0.008052778,2.111111111,1.0,9.97,1168.445443,29.0,2.0,0.0
2004.0,22.0,9.95375,0.0128,2.375,1.0,9.85,1168.445443,29.0,1.0,0.0
2005.0,23.0,10.044,0.014253684,1.25,1.0,9.84,1168.445443,29.0,4.0,0.0
2010.0,28.0,10.16,0.003947619,1.285714286,1.0,10.09,1168.445443,29.0,3.0,1.0
2011.0,29.0,10.02133333,0.00738381,2.6,1.0,9.95,1168.445443,29.0,2.0,1.0
2012.0,30.0,9.794166667,0.01189697,1.25,1.0,9.79,1168.445443,29.0,1.0,1.0
2013.0,31.0,9.885,0.00422625,1.5625,1.0,9.85,1168.445443,29.0,4.0,0.0
2014.0,32.0,9.956875,0.015985,1.0,1.0,9.76,1168.445443,29.0,3.0,0.0
2015.0,33.0,9.781111111,0.010777778,1.111111111,1.0,9.74,1168.445443,29.0,2.0,0.0
2016.0,34.0,9.83,0.010075641,1.076923077,1.0,9.8,1168.445443,29.0,1.0,0.0
2017.0,35.0,10.03833333,0.0099,1.916666667,1.0,9.92,1168.445443,29.0,5.0,0.0
2018.0,36.0,10.114,0.00493,2.8,1.0,10.03,1168.445443,29.0,4.0,0.0
2019.0,37.0,10.01857143,0.015407143,2.0,1.0,9.87,1168.445443,29.0,3.0,0.0
2020.0,38.0,9.8125,0.002091667,2.0,2.0,9.99,1168.445443,29.0,2.0,0.0
2021.0,39.0,9.966923077,0.013460256,2.769230769,1.0,9.93,1168.445443,29.0,1.0,0.0
2007.0,19.0,9.978,0.00755,1.6,1.0,10.05,1162.476471,30.0,2.0,0.0
2008.0,20.0,10.12,0.0036,4.333333333,1.0,10.18,1162.476471,30.0,1.0,0.0
2009.0,21.0,10.17142857,0.004414286,3.571428571,1.0,10.1,1162.476471,30.0,4.0,0.0
2010.0,22.0,9.994,0.013454444,1.6,1.0,9.93,1162.476471,30.0,3.0,0.0
2011.0,23.0,10.093125,0.009622917,2.8125,1.0,9.93,1162.476471,30.0,2.0,0.0
2012.0,24.0,10.01466667,0.017769524,2.2,1.0,9.85,1162.476471,30.0,1.0,0.0
2013.0,25.0,10.012,0.010692381,2.4,1.0,9.86,1162.476471,30.0,4.0,0.0
2014.0,26.0,10.16466667,0.008942857,2.4,1.0,10.0,1162.476471,30.0,3.0,0.0
2015.0,27.0,9.925333333,0.007406667,2.2,1.0,9.86,1162.476471,30.0,2.0,0.0
2016.0,28.0,10.13909091,0.006267273,2.545454545,1.0,10.07,1162.476471,30.0,1.0,0.0
2017.0,29.0,10.07416667,0.005256818,3.166666667,1.0,10.08,1162.476471,30.0,5.0,0.0
2018.0,30.0,10.194,0.0038,2.2,1.0,10.16,1162.476471,30.0,4.0,0.0
2019.0,31.0,10.0425,0.001666667,1.75,1.0,10.2,1162.476471,30.0,3.0,0.0
2020.0,32.0,10.18,0.007726449,1.0,1.0,10.3,1162.476471,30.0,2.0,0.0
1996.0,20.0,10.26,0.006056952,3.0,3.0,10.27,1158.241107,31.0,1.0,0.0
1998.0,22.0,10.11333333,0.005733333,1.5,1.0,10.16,1158.241107,31.0,3.0,0.0
1999.0,22.83333333,10.19333333,0.001466667,1.75,1.0,10.21,1158.241107,31.0,2.0,0.0
2000.0,23.90909091,10.04,0.004981818,2.222222222,1.0,10.02,1158.241107,31.0,1.0,0.0
2001.0,24.94736842,10.10315789,0.008246784,1.789473684,1.0,9.99,1158.241107,31.0,4.0,1.0
2002.0,26.0,10.04761905,0.00863619,1.714285714,1.0,9.98,1158.241107,31.0,3.0,1.0
2003.0,27.0,10.01,0.007371667,1.875,1.0,9.92,1158.241107,31.0,2.0,1.0
2004.0,27.92857143,10.10857143,0.008233516,3.230769231,1.0,10.0,1158.241107,31.0,1.0,1.0
2005.0,29.0,10.053,0.009551111,4.2,1.0,10.0,1158.241107,31.0,4.0,0.0
2007.0,31.0,10.18857143,0.004247619,3.285714286,1.0,10.14,1158.241107,31.0,2.0,0.0
2008.0,32.0,10.16956522,0.004748221,3.608695652,1.0,10.05,1158.241107,31.0,1.0,0.0
2009.0,33.0,10.12692308,0.004941026,3.769230769,1.0,10.08,1158.241107,31.0,4.0,0.0
2010.0,34.0,10.26666667,0.002633333,3.333333333,2.0,10.2,1158.241107,31.0,3.0,0.0
2011.0,35.0,10.10555556,0.007438235,2.111111111,1.0,10.0,1158.241107,31.0,2.0,0.0
2012.0,36.0,10.06875,0.00721625,2.625,1.0,9.96,1158.241107,31.0,1.0,0.0
2013.0,37.0,10.06,0.006469048,2.75,1.0,9.97,1158.241107,31.0,4.0,0.0
2014.0,38.0,10.11461538,0.005041026,3.769230769,1.0,9.96,1158.241107,31.0,3.0,0.0
2015.0,39.0,10.010625,0.008146667,3.5,1.0,9.94,1158.241107,31.0,2.0,0.0
2016.0,40.0,10.05875,0.008379583,3.5,1.0,9.93,1158.241107,31.0,1.0,0.0
2017.0,41.0,10.24,0.0016,4.0,2.0,10.2,1158.241107,31.0,5.0,0.0
2018.0,42.0,9.97,0.006056952,4.0,4.0,10.2,1158.241107,31.0,4.0,0.0
1988.0,21.0,9.7725,0.001366667,3.0,2.0,10.09,1168.445443,32.0,1.0,0.0
1989.0,22.0,10.02142857,0.007428571,2.4,1.0,9.94,1168.445443,32.0,4.0,0.0
1990.0,23.0,9.971,0.010031579,1.157894737,1.0,9.94,1168.445443,32.0,3.0,0.0
1991.0,24.0,9.976666667,0.011438333,1.25,1.0,9.88,1168.445443,32.0,2.0,0.0
1992.0,25.0,10.08384615,0.009380769,2.230769231,1.0,9.96,1168.445443,32.0,1.0,0.0
1993.0,26.0,9.977777778,0.018862222,1.5,1.0,9.85,1168.445443,32.0,4.0,1.0
1994.0,27.0,10.035,0.022337778,1.1,1.0,9.85,1168.445443,32.0,3.0,1.0
1995.0,28.0,9.97,0.008533333,2.666666667,2.0,10.09,1168.445443,32.0,2.0,1.0
1996.0,29.0,10.06555556,0.006,3.888888889,1.0,10.01,1168.445443,32.0,1.0,1.0
1997.0,30.0,10.10466667,0.006352381,3.538461538,1.0,10.04,1168.445443,32.0,4.0,0.0
1986.0,26.0,10.11454545,0.005229091,1.363636364,1.0,10.04,1150.210219,33.0,3.0,1.0
1987.0,27.0,10.14454545,0.007536364,1.818181818,1.0,10.03,1150.210219,33.0,2.0,1.0
1988.0,28.0,10.09909091,0.005424242,1.583333333,1.0,9.97,1150.210219,33.0,1.0,1.0
1989.0,29.0,10.08777778,0.00285,1.777777778,1.0,10.08,1150.210219,33.0,4.0,1.0
1990.0,29.8125,10.005625,0.011993333,1.875,1.0,9.93,1150.210219,33.0,3.0,1.0
1991.0,31.0,10.00076923,0.014124359,2.0,1.0,9.9,1150.210219,33.0,2.0,1.0
1992.0,32.0,10.09125,0.006291667,1.3125,1.0,9.96,1150.210219,33.0,1.0,1.0
1993.0,33.0,9.973125,0.012426471,1.222222222,1.0,9.87,1150.210219,33.0,4.0,1.0
1994.0,34.0,10.00565217,0.007835573,1.318181818,1.0,9.91,1150.210219,33.0,3.0,1.0
1995.0,34.95,10.0535,0.005594474,1.85,1.0,9.97,1150.210219,33.0,2.0,1.0
1996.0,35.90909091,10.10909091,0.009177706,2.047619048,1.0,10.0,1150.210219,33.0,1.0,1.0
1997.0,36.86666667,10.08933333,0.006609524,1.714285714,1.0,10.04,1150.210219,33.0,4.0,1.0
2001.0,18.0,10.21,0.005747185,1.0,1.0,10.28,1162.476471,34.0,4.0,0.0
2002.0,19.0,10.185,0.001466667,1.5,1.0,10.18,1162.476471,34.0,3.0,0.0
2003.0,20.0,10.0725,0.000491667,3.25,2.0,10.24,1162.476471,34.0,2.0,0.0
2004.0,21.0,9.98,0.009964286,1.875,1.0,9.99,1162.476471,34.0,1.0,0.0
2005.0,22.0,10.08105263,0.006937427,2.789473684,1.0,9.96,1162.476471,34.0,4.0,1.0
2006.0,23.0,10.11,0.004541176,3.444444444,1.0,10.02,1162.476471,34.0,3.0,1.0
2007.0,24.0,10.16642857,0.003087912,4.142857143,1.0,10.06,1162.476471,34.0,2.0,1.0
2008.0,25.0,10.06470588,0.008424265,2.941176471,1.0,9.97,1162.476471,34.0,1.0,1.0
2009.0,26.0,10.062,0.007126667,4.066666667,1.0,10.0,1162.476471,34.0,4.0,0.0
2010.0,27.0,10.075,0.0098,3.5,3.0,10.11,1162.476471,34.0,3.0,0.0
2011.0,28.0,10.045,0.009,3.5,1.0,10.09,1162.476471,34.0,2.0,0.0
2012.0,29.0,10.054,0.009023333,2.6,1.0,10.0,1162.476471,34.0,1.0,0.0
2014.0,31.0,10.0,0.00405,2.5,1.0,10.21,1162.476471,34.0,3.0,0.0
2015.0,32.0,10.025,0.0008,1.0,1.0,10.17,1162.476471,34.0,2.0,0.0
1999.0,16.0,9.98,0.00436949,1.0,1.0,10.26,1150.210219,35.0,2.0,0.0
2000.0,17.4,10.133,0.005555556,1.5,1.0,10.1,1150.210219,35.0,1.0,0.0
2001.0,18.0,10.04428571,0.00652967,1.928571429,1.0,9.97,1150.210219,35.0,4.0,0.0
2002.0,19.06666667,10.056,0.007592381,1.866666667,1.0,9.97,1150.210219,35.0,3.0,0.0
2003.0,20.08333333,10.13416667,0.004008333,3.0,1.0,10.07,1150.210219,35.0,2.0,0.0
2004.0,21.0,10.19333333,0.005016667,2.333333333,1.0,10.12,1150.210219,35.0,1.0,0.0
2005.0,22.0,10.07166667,0.00632,2.0,1.0,10.1,1150.210219,35.0,4.0,0.0
2006.0,23.0,10.06125,0.003726786,3.0,1.0,10.13,1150.210219,35.0,3.0,0.0
2007.0,24.0,10.199,0.00121,3.5,1.0,10.17,1150.210219,35.0,2.0,0.0
2010.0,27.35294118,10.13941176,0.002825,2.823529412,1.0,10.12,1150.210219,35.0,3.0,0.0
2011.0,28.16666667,10.16333333,0.00248,2.666666667,1.0,10.19,1150.210219,35.0,2.0,0.0
2013.0,30.0,10.12333333,0.0028,2.666666667,1.0,10.19,1150.210219,35.0,4.0,0.0
1995.0,20.44444444,10.08,0.014252778,2.666666667,1.0,9.88,1168.445443,36.0,2.0,0.0
1996.0,21.0,10.05166667,0.002616667,4.0,1.0,10.08,1168.445443,36.0,1.0,0.0
1997.0,22.38888889,9.975555556,0.0168,2.25,1.0,9.86,1168.445443,36.0,4.0,0.0
1998.0,23.4,9.958666667,0.010895238,1.461538462,1.0,9.79,1168.445443,36.0,3.0,0.0
1999.0,24.625,9.929375,0.02062,1.125,1.0,9.79,1168.445443,36.0,2.0,0.0
2000.0,25.52941176,10.04352941,0.013465441,1.4,1.0,9.86,1168.445443,36.0,1.0,0.0
2001.0,26.25,9.9125,0.007426515,1.083333333,1.0,9.82,1168.445443,36.0,4.0,1.0
2002.0,27.4,10.02733333,0.012355238,2.266666667,1.0,9.88,1168.445443,36.0,3.0,1.0
2003.0,28.33333333,10.06166667,0.006616667,2.333333333,1.0,9.94,1168.445443,36.0,2.0,1.0
2004.0,29.44444444,9.959444444,0.012070588,1.444444444,1.0,9.78,1168.445443,36.0,1.0,1.0
2005.0,30.0,9.998333333,0.00715,1.333333333,1.0,10.01,1168.445443,36.0,4.0,0.0
2001.0,18.0,9.97,0.000133333,2.333333333,2.0,10.26,1169.777336,37.0,4.0,0.0
2002.0,19.0,10.05375,0.007741071,2.25,1.0,10.05,1169.777336,37.0,3.0,0.0
2003.0,20.0,10.132,0.00263,2.6,1.0,10.13,1169.777336,37.0,2.0,0.0
2004.0,21.0,10.11153846,0.004369231,3.076923077,1.0,10.06,1169.777336,37.0,1.0,0.0
2005.0,22.0,10.07136364,0.006900433,3.0,1.0,10.03,1169.777336,37.0,4.0,1.0
2006.0,23.0,10.17411765,0.006874265,3.294117647,1.0,10.06,1169.777336,37.0,3.0,1.0
2007.0,24.0,10.11,0.007497059,3.444444444,1.0,9.95,1169.777336,37.0,2.0,1.0
2008.0,25.0,10.1004,0.007455667,2.96,1.0,9.97,1169.777336,37.0,1.0,1.0
2009.0,26.0,10.126,0.006739737,3.9,1.0,10.02,1169.777336,37.0,4.0,0.0
2010.0,27.0,10.10130435,0.011143083,2.217391304,1.0,9.94,1169.777336,37.0,3.0,0.0
2011.0,28.0,10.04,0.014467251,2.631578947,1.0,9.86,1169.777336,37.0,2.0,0.0
2012.0,29.0,10.01375,0.004872917,2.6875,1.0,9.94,1169.777336,37.0,1.0,0.0
2013.0,30.0,9.91,0.006641559,2.0,2.0,10.2,1169.777336,37.0,4.0,0.0
2015.0,32.0,10.076,0.003137778,4.0,1.0,10.14,1169.777336,37.0,2.0,0.0
2016.0,33.0,10.104,0.00902,4.4,1.0,10.04,1169.777336,37.0,1.0,0.0
1986.0,18.0,10.035,5e-05,2.5,2.0,10.22,1168.445443,38.0,3.0,0.0
1987.0,19.0,10.19333333,0.0001,2.666666667,1.0,10.26,1168.445443,38.0,2.0,0.0
1988.0,20.2,10.001,0.006832222,2.7,1.0,9.94,1168.445443,38.0,1.0,0.0
1989.0,21.53846154,10.12615385,0.002702564,2.307692308,1.0,10.07,1168.445443,38.0,4.0,0.0
1990.0,22.55555556,10.10111111,0.006,3.111111111,1.0,10.07,1168.445443,38.0,3.0,0.0
1991.0,23.16666667,10.02833333,0.00707,3.166666667,1.0,10.0,1168.445443,38.0,2.0,0.0
1992.0,24.0,10.0175,0.009025,1.75,1.0,9.93,1168.445443,38.0,1.0,0.0
1993.0,25.2,9.88,0.01228,2.6,1.0,9.97,1168.445443,38.0,4.0,1.0
1994.0,26.0,10.075,0.03645,2.5,1.0,10.0,1168.445443,38.0,3.0,1.0
1995.0,27.54545455,9.967272727,0.018221818,2.727272727,1.0,9.89,1168.445443,38.0,2.0,1.0
1996.0,28.14285714,10.03428571,0.010918681,2.538461538,1.0,9.95,1168.445443,38.0,1.0,1.0
1997.0,29.0,10.07933333,0.014155238,3.692307692,1.0,9.87,1168.445443,38.0,4.0,1.0
1999.0,31.0,9.935,0.004558333,2.5,1.0,10.06,1168.445443,38.0,2.0,1.0
2000.0,32.0,10.016,0.01582,1.0,1.0,9.9,1168.445443,38.0,1.0,1.0
2005.0,19.5,10.065,0.00125,1.0,1.0,10.25,1168.445443,39.0,4.0,0.0
2006.0,20.25,10.06,0.002433333,1.25,1.0,10.18,1168.445443,39.0,3.0,0.0
2007.0,21.90909091,10.10909091,0.002305455,1.545454545,1.0,10.1,1168.445443,39.0,2.0,0.0
2008.0,23.0,10.0447619,0.008815714,3.619047619,2.0,10.01,1168.445443,39.0,1.0,0.0
2009.0,23.92307692,10.00692308,0.012672615,2.346153846,1.0,9.85,1168.445443,39.0,4.0,0.0
2010.0,25.0,10.15304348,0.004540711,2.869565217,1.0,9.99,1168.445443,39.0,3.0,0.0
2011.0,25.9,9.887,0.005773333,2.0,1.0,9.85,1168.445443,39.0,2.0,0.0
2012.0,26.93333333,9.978,0.007212381,2.933333333,1.0,9.94,1168.445443,39.0,1.0,0.0
2013.0,27.88,9.96,0.009102667,2.32,1.0,9.9,1168.445443,39.0,4.0,0.0
2014.0,28.95238095,10.0452381,0.016393333,1.80952381,1.0,9.8,1168.445443,39.0,3.0,0.0
2015.0,30.0,9.9372,0.008658333,2.2,1.0,9.86,1168.445443,39.0,2.0,0.0
2016.0,30.94117647,9.992352941,0.005702941,3.235294118,1.0,9.97,1168.445443,39.0,1.0,0.0
2017.0,31.88888889,10.08888889,0.005433007,2.555555556,1.0,9.98,1168.445443,39.0,5.0,0.0
2018.0,32.95833333,10.02375,0.009599275,2.791666667,1.0,9.89,1168.445443,39.0,4.0,0.0
2019.0,34.0,10.09724138,0.007331281,2.344827586,1.0,9.97,1168.445443,39.0,3.0,0.0
2020.0,35.0,10.17666667,0.00379,2.0,1.0,10.12,1168.445443,39.0,2.0,0.0
2021.0,35.9,10.1315,0.007211579,3.95,1.0,10.0,1168.445443,39.0,1.0,0.0
2006.0,20.0,10.24,0.001,1.8,1.0,10.2,1169.777336,40.0,3.0,0.0
2007.0,21.0,10.180625,0.002206667,2.5,1.0,10.11,1169.777336,40.0,2.0,0.0
2008.0,22.0,10.08526316,0.006302339,2.052631579,1.0,9.98,1169.777336,40.0,1.0,0.0
2009.0,23.0,10.07777778,0.010352778,3.111111111,1.0,9.91,1169.777336,40.0,4.0,0.0
2010.0,24.0,9.986923077,0.019173077,1.538461538,1.0,9.78,1169.777336,40.0,3.0,0.0
2011.0,25.0,10.03466667,0.011166667,2.266666667,1.0,9.89,1169.777336,40.0,2.0,0.0
2012.0,26.0,10.012,0.006668571,2.666666667,1.0,9.95,1169.777336,40.0,1.0,0.0
2013.0,27.0,10.03578947,0.01635614,2.631578947,1.0,9.87,1169.777336,40.0,4.0,0.0
2014.0,28.0,10.07764706,0.008694118,2.941176471,1.0,9.89,1169.777336,40.0,3.0,0.0
2015.0,29.0,10.018,0.002626053,3.1,1.0,9.98,1169.777336,40.0,2.0,0.0
2017.0,31.0,10.07,0.00405,4.0,1.0,10.18,1169.777336,40.0,5.0,0.0
2018.0,32.0,10.16375,0.017426786,2.0,1.0,9.92,1169.777336,40.0,4.0,0.0
2019.0,33.0,10.1475,0.000425,4.25,3.0,10.24,1169.777336,40.0,3.0,0.0
2020.0,34.0,10.105,0.0002,1.0,1.0,10.18,1169.777336,40.0,2.0,0.0
1988.0,19.0,10.26,5e-05,1.5,1.0,10.29,1146.033254,41.0,1.0,0.0
1989.0,19.33333333,10.068,0.00744,2.666666667,1.0,10.05,1146.033254,41.0,4.0,0.0
1990.0,20.0,10.046,0.002706667,1.8,1.0,10.1,1146.033254,41.0,3.0,0.0
1991.0,21.23076923,10.03461538,0.005439744,2.833333333,1.0,10.0,1146.033254,41.0,2.0,0.0
1992.0,22.28571429,10.00761905,0.010252857,2.0,1.0,9.97,1146.033254,41.0,1.0,0.0
1993.0,23.125,10.075,0.006335714,3.625,2.0,10.0,1146.033254,41.0,4.0,1.0
1994.0,24.25,10.04956522,0.008167391,3.0,1.0,9.95,1146.033254,41.0,3.0,1.0
1995.0,25.14285714,10.13071429,0.009464286,2.928571429,1.0,9.92,1146.033254,41.0,2.0,1.0
1996.0,26.0,9.982857143,0.003680952,2.857142857,1.0,10.03,1146.033254,41.0,1.0,1.0
1997.0,27.0,10.13333333,0.0027,4.333333333,1.0,10.18,1146.033254,41.0,4.0,0.0
1998.0,28.0,10.05666667,0.002233333,1.0,1.0,10.12,1146.033254,41.0,3.0,0.0
2010.0,20.16666667,10.10333333,0.002478788,1.916666667,1.0,10.11,1169.777336,42.0,3.0,0.0
2011.0,21.0,10.05222222,0.002927778,3.111111111,1.0,10.11,1169.777336,42.0,2.0,0.0
2012.0,22.0,10.06625,0.008171429,3.625,1.0,10.06,1169.777336,42.0,1.0,0.0
2013.0,23.0,10.14285714,0.003957143,3.428571429,2.0,10.12,1169.777336,42.0,4.0,0.0
2014.0,24.0,10.13714286,0.004080952,2.714285714,2.0,10.13,1169.777336,42.0,3.0,0.0
2015.0,25.0,10.19,9.17e-05,4.0,2.0,10.25,1169.777336,42.0,2.0,0.0
2016.0,26.0,10.06333333,0.0012,4.75,1.0,10.13,1169.777336,42.0,1.0,0.0
2017.0,27.0,10.21,0.0008,4.0,3.0,10.2,1169.777336,42.0,5.0,0.0
2018.0,28.0,10.21333333,0.000691667,2.5,1.0,10.23,1169.777336,42.0,4.0,0.0
2019.0,29.0,10.19333333,0.0003,3.666666667,1.0,10.22,1169.777336,42.0,3.0,0.0
2020.0,30.0,10.24,0.0021,1.333333333,1.0,10.21,1169.777336,42.0,2.0,0.0
2021.0,31.0,10.0925,0.004057143,3.125,1.0,10.13,1169.777336,42.0,1.0,0.0
1983.0,18.0,10.005,0.0,3.0,1.0,10.22,1169.777336,43.0,2.0,0.0
1984.0,19.0,10.15285714,0.001514286,2.428571429,1.0,10.19,1169.777336,43.0,1.0,0.0
1986.0,21.0,10.1,0.005677857,1.0,1.0,10.29,1169.777336,43.0,3.0,1.0
1987.0,22.0,10.095,0.009914474,1.5,1.0,9.89,1169.777336,43.0,2.0,1.0
1988.0,23.0,10.05307692,0.006824725,1.714285714,1.0,10.01,1169.777336,43.0,1.0,1.0
1989.0,24.0,9.923125,0.010059559,1.117647059,1.0,9.9,1169.777336,43.0,4.0,0.0
1990.0,25.0,10.20142857,0.001780952,2.285714286,1.0,10.17,1169.777336,43.0,3.0,0.0
1991.0,26.0,10.05727273,0.010987273,2.545454545,1.0,9.96,1169.777336,43.0,2.0,0.0
1992.0,27.0,10.046,0.005856667,2.666666667,1.0,10.06,1169.777336,43.0,1.0,0.0
1993.0,28.0,10.13888889,0.003477778,3.444444444,1.0,10.11,1169.777336,43.0,4.0,0.0
1994.0,29.0,9.956666667,0.005233333,3.666666667,2.0,10.09,1169.777336,43.0,3.0,0.0
1995.0,30.0,10.12153846,0.011507692,3.461538462,1.0,9.89,1168.272173,43.0,2.0,0.0
1996.0,31.0,10.06,0.000291667,2.666666667,1.0,10.18,1169.777336,43.0,1.0,0.0
1997.0,32.0,10.11,0.005486111,1.888888889,1.0,10.1,1169.777336,43.0,4.0,0.0
1998.0,33.0,10.15,0.005677857,1.0,1.0,10.25,1169.777336,43.0,3.0,0.0
1999.0,34.0,10.105,0.0008,2.5,2.0,10.22,1169.777336,43.0,2.0,0.0
2000.0,35.0,9.706666667,0.011433333,1.5,1.0,9.99,1169.777336,43.0,1.0,0.0
2006.0,20.5,10.065,5e-05,2.5,2.0,10.26,1162.476471,44.0,3.0,1.0
2007.0,21.71428571,10.02857143,0.013366667,2.142857143,1.0,9.95,1162.476471,44.0,2.0,1.0
2008.0,22.70588235,10.00352941,0.010140441,2.0,1.0,9.89,1162.476471,44.0,1.0,1.0
2009.0,23.71428571,10.02142857,0.00669011,3.714285714,1.0,9.93,1162.476471,44.0,4.0,1.0
2010.0,24.64705882,10.05352941,0.012198529,2.352941176,1.0,9.89,1162.476471,44.0,3.0,1.0
2011.0,25.66666667,10.03166667,0.009767647,3.444444444,1.0,9.85,1162.476471,44.0,2.0,1.0
2012.0,26.9,10.076,0.011232222,3.8,1.0,9.96,1162.476471,44.0,1.0,1.0
2013.0,27.88888889,9.98,0.011177778,3.555555556,1.0,9.91,1162.476471,44.0,4.0,0.0
2014.0,28.72222222,10.03611111,0.019026144,2.722222222,1.0,9.74,1162.476471,44.0,3.0,0.0
2015.0,29.0,9.973333333,0.017633333,4.333333333,1.0,10.04,1162.476471,44.0,2.0,0.0
2016.0,30.625,10.06875,0.0116125,2.625,1.0,9.97,1162.476471,44.0,1.0,0.0
2021.0,35.5,10.065,0.00045,2.5,2.0,10.27,1162.476471,44.0,1.0,1.0
1998.0,20.0,9.95,0.0022,1.666666667,1.0,10.15,1168.445443,45.0,3.0,0.0
2000.0,22.0,10.12166667,0.002016667,3.25,1.0,10.16,1168.445443,45.0,1.0,0.0
2001.0,23.0,10.08846154,0.004214103,2.5,1.0,10.09,1168.445443,45.0,4.0,0.0
2002.0,24.0,10.08875,0.013026786,3.125,1.0,9.94,1168.445443,45.0,3.0,0.0
2003.0,25.0,10.098,0.003666667,2.6,1.0,10.07,1168.445443,45.0,2.0,0.0
2004.0,26.0,9.902142857,0.011226374,1.428571429,1.0,9.86,1168.445443,45.0,1.0,0.0
2005.0,27.0,10.113,0.010321111,2.5,1.0,9.98,1168.445443,45.0,4.0,0.0
2006.0,28.0,10.0885,0.006872368,2.8,1.0,10.01,1168.445443,45.0,3.0,0.0
2007.0,29.0,10.09333333,0.007427778,3.222222222,1.0,9.96,1168.445443,45.0,2.0,0.0
2008.0,30.0,10.07666667,0.004306667,6.166666667,5.0,10.09,1168.445443,45.0,1.0,0.0
2009.0,31.0,10.04625,0.008598214,3.625,1.0,10.06,1168.445443,45.0,4.0,0.0
2010.0,32.0,10.275,0.00125,4.5,4.0,10.24,1168.445443,45.0,3.0,0.0
2001.0,18.0,10.28,0.014879346,1.0,1.0,10.28,1168.445443,46.0,4.0,0.0
2002.0,19.0,10.10666667,0.010066667,2.25,1.0,10.08,1168.445443,46.0,3.0,0.0
2003.0,20.0,9.8825,0.014166667,2.25,1.0,10.01,1168.445443,46.0,2.0,0.0
2004.0,21.0,10.03111111,0.012675,2.111111111,1.0,10.01,1168.445443,46.0,1.0,0.0
2005.0,22.33333333,10.18333333,0.007096667,2.5,1.0,10.08,1168.445443,46.0,4.0,0.0
2006.0,23.33333333,9.958333333,0.0107,1.666666667,1.0,9.84,1168.445443,46.0,3.0,0.0
2007.0,24.4,9.992,0.021506667,1.2,1.0,9.76,1168.445443,46.0,2.0,0.0
2008.0,25.33333333,9.843333333,0.033925,2.0,1.0,9.68,1168.445443,46.0,1.0,0.0
2009.0,26.71428571,9.872857143,0.025652747,1.142857143,1.0,9.69,1168.445443,46.0,4.0,1.0
2010.0,27.5,9.96375,0.009126786,1.0,1.0,9.78,1168.445443,46.0,3.0,1.0
2011.0,28.0,10.02,0.0553,1.666666667,1.0,9.79,1168.445443,46.0,2.0,1.0
2012.0,29.0,10.01857143,0.007333333,1.285714286,1.0,9.86,1168.445443,46.0,1.0,1.0
2014.0,31.33333333,9.986666667,0.003233333,3.0,1.0,9.93,1168.445443,46.0,3.0,0.0
2015.0,32.3,9.882,0.01169,1.9,1.0,9.79,1168.445443,46.0,2.0,0.0
2016.0,33.0,9.83875,0.00145,2.625,1.0,9.97,1168.445443,46.0,1.0,0.0
2017.0,34.0,9.8575,0.008966667,2.25,1.0,9.94,1168.445443,46.0,5.0,0.0
2018.0,35.0,10.116,0.00518,2.4,1.0,10.11,1168.445443,46.0,4.0,0.0
2019.0,36.0,9.91,0.014879346,2.0,2.0,10.27,1168.445443,46.0,3.0,0.0
2001.0,24.0,10.18583333,0.005872727,2.666666667,1.0,10.06,1146.033254,47.0,4.0,0.0
2002.0,25.04545455,10.12318182,0.005492641,2.636363636,1.0,10.0,1146.033254,47.0,3.0,0.0
2003.0,26.08,10.1672,0.005469333,3.08,1.0,9.97,1146.033254,47.0,2.0,0.0
2004.0,27.0,10.065,0.009478571,2.75,1.0,9.99,1146.033254,47.0,1.0,0.0
2005.0,28.0,10.13266667,0.002069524,3.4,1.0,10.13,1146.033254,47.0,4.0,0.0
2006.0,29.0,10.119375,0.002719583,2.3125,1.0,10.1,1146.033254,47.0,3.0,0.0
2007.0,30.0,10.23,0.004524626,2.0,2.0,10.23,1146.033254,47.0,2.0,0.0
2008.0,31.0,10.172,0.00057,2.8,2.0,10.21,1146.033254,47.0,1.0,0.0
2003.0,17.0,,0.009131176,1.0,1.0,10.29,1168.445443,48.0,2.0,0.0
2004.0,18.0,10.2,0.009131176,1.0,1.0,10.28,1168.445443,48.0,1.0,0.0
2005.0,19.0,10.0775,0.010153788,1.416666667,1.0,9.96,1168.445443,48.0,4.0,1.0
2006.0,20.0,10.146,0.00262,2.0,1.0,10.12,1168.445443,48.0,3.0,1.0
2007.0,21.0,10.042,0.009995556,1.6,1.0,9.93,1168.445443,48.0,2.0,1.0
2008.0,22.0,9.961666667,0.018515152,2.25,1.0,9.8,1168.445443,48.0,1.0,1.0
2009.0,23.0,9.9875,0.0043,2.0,1.0,10.0,1168.445443,48.0,4.0,0.0
2010.0,24.0,10.1725,0.024257143,1.125,1.0,9.88,1168.445443,48.0,3.0,0.0
2011.0,25.0,10.055,0.006654545,1.5,1.0,9.94,1168.445443,48.0,2.0,0.0
2012.0,26.0,9.875,0.016333333,2.25,1.0,9.85,1168.445443,48.0,1.0,0.0
2013.0,27.0,10.07555556,0.010811111,2.333333333,1.0,9.99,1168.445443,48.0,4.0,0.0
2014.0,28.0,10.11,0.009131176,8.0,8.0,10.27,1168.445443,48.0,3.0,0.0
2015.0,29.0,10.028,0.00192,3.4,1.0,10.13,1168.445443,48.0,2.0,0.0
2016.0,30.0,10.01857143,0.008447619,2.0,1.0,10.03,1168.445443,48.0,1.0,0.0
2017.0,31.0,10.025,0.010098214,1.875,1.0,10.0,1168.445443,48.0,5.0,0.0
2018.0,32.0,9.982,0.00193,1.2,1.0,10.16,1168.445443,48.0,4.0,0.0
2019.0,33.0,10.065,0.0018,1.0,1.0,10.19,1168.445443,48.0,3.0,0.0
2007.0,17.0,10.158,0.00332,1.2,1.0,10.11,1169.777336,49.0,2.0,0.0
2008.0,18.0,10.05666667,0.0019,1.0,1.0,10.2,1169.777336,49.0,1.0,0.0
2009.0,19.0,10.06333333,0.005233333,1.666666667,1.0,10.07,1169.777336,49.0,4.0,0.0
2010.0,20.0,10.02818182,0.015525455,1.818181818,1.0,9.89,1169.777336,49.0,3.0,0.0
2011.0,21.0,9.959285714,0.012991209,1.142857143,1.0,9.8,1169.777336,49.0,2.0,0.0
2012.0,22.0,9.764615385,0.012591026,1.230769231,1.0,9.69,1169.777336,49.0,1.0,0.0
2014.0,24.0,10.18,0.01805,1.5,1.0,10.02,1169.777336,49.0,3.0,1.0
2015.0,25.0,10.104,0.00317,1.6,1.0,10.12,1169.777336,49.0,2.0,1.0
2016.0,26.0,10.006,0.015182222,1.7,1.0,9.93,1169.777336,49.0,1.0,1.0
2017.0,27.0,10.021,0.008404444,1.4,1.0,9.9,1169.777336,49.0,5.0,0.0
2018.0,28.0,10.02142857,0.006518681,2.571428571,1.0,9.94,1169.777336,49.0,4.0,0.0
2019.0,29.0,10.02714286,0.005259341,1.857142857,1.0,9.96,1169.777336,49.0,3.0,0.0
2020.0,30.0,10.11333333,0.0043,1.333333333,1.0,10.07,1169.777336,49.0,2.0,0.0
2021.0,31.0,9.95,0.010212381,1.6,1.0,9.95,1169.777336,49.0,1.0,0.0
2012.0,16.0,10.17,0.0002,1.0,1.0,10.19,1150.754386,50.0,1.0,0.0
2013.0,17.0,10.075,0.01312,1.166666667,1.0,10.01,1150.754386,50.0,4.0,0.0
2014.0,18.0,10.04428571,0.00632381,1.0,1.0,10.05,1150.754386,50.0,3.0,0.0
2015.0,19.0,9.968,0.02522,1.0,1.0,9.87,1150.754386,50.0,2.0,0.0
2016.0,20.0,10.17714286,0.007117033,1.928571429,1.0,10.01,1150.754386,50.0,1.0,0.0
2017.0,21.0,10.05388889,0.005176471,1.611111111,1.0,9.98,1150.754386,50.0,5.0,0.0
2018.0,22.0,10.15833333,0.002345455,3.0,1.0,10.1,1150.754386,50.0,4.0,0.0
2019.0,23.0,10.05263158,0.005722807,2.631578947,1.0,10.01,1150.754386,50.0,3.0,0.0
2020.0,24.0,10.09555556,0.007861111,1.222222222,1.0,10.04,1150.754386,50.0,2.0,0.0
2021.0,25.0,10.18166667,0.01311,2.0,1.0,10.01,1150.754386,50.0,1.0,0.0
