Year,age_at_event mean,Average Net Result mean,Mark mean,Mark min,Mark var,current_match_ranking mean,current_match_ranking min,Average Rank mean,efficiency mean,Athlete,Olympic_ranking,Nat
2012,19,10.32,10.19,10.19,0,1,1,14702,1,Akani SIMBINE,9,1140.91766
2013,20,10.73,10.24,10.24,0,2,2,22081,0,Akani SIMBINE,5,1140.91766
2014,21,10.26,10.20571429,10.02,0.005687912,2.071428571,1,18786.21429,1,Akani SIMBINE,5,1140.91766
2015,22,10.13190476,10.13818182,9.97,0.00965368,2.045454545,1,12187.27273,0.818181818,Akani SIMBINE,5,1140.91766
2016,23,10.15473684,10.09052632,9.89,0.015516374,2.105263158,1,9683.789474,0.894736842,Akani SIMBINE,5,1140.91766
2017,24,10.04375,10.018125,9.92,0.006402917,2.1875,1,3652.875,1,Akani SIMBINE,4,1140.91766
2018,25,10.0835,10.062,9.93,0.006448421,2.45,1,5540.85,0.95,Akani SIMBINE,4,1140.91766
2019,26,10.061875,10.03625,9.92,0.006398333,2.5625,1,4210.8125,1,Akani SIMBINE,4,1140.91766
2020,27,10.06285714,10.04142857,9.91,0.010680952,1,1,5197.285714,1,Akani SIMBINE,4,1140.91766
2021,28,10.021875,10.02529412,9.82,0.013688971,2.294117647,1,4947.823529,0.647058824,Akani SIMBINE,4,1140.91766
1976,22,10.29,10.29,10.29,0,2,2,31544,0,Aleksandr AKSININ,9,1123.318182
1980,26,10.3,10.275,10.26,0.00045,1,1,28567,0.5,Aleksandr AKSININ,4,1123.318182
1978,26,10.48,10.17,10.07,0.0124,1.333333333,1,15510.66667,0.666666667,Allan WELLS,1,1137.753126
1979,27,10.25,10.23166667,10.19,0.001096667,2,1,21075,1,Allan WELLS,1,1137.753126
1980,28,10.318,10.223,10.05,0.007045556,1.2,1,21848.8,0.8,Allan WELLS,1,1137.753126
1981,29,10.24666667,10.20666667,10.17,0.001633333,1,1,17414.33333,1,Allan WELLS,9,1137.753126
1982,30,10.61,10.02,10.02,0,1,1,2531,0,Allan WELLS,9,1137.753126
1983,31,10.18666667,10.21666667,10.15,0.003733333,4,3,19438,0.666666667,Allan WELLS,9,1137.753126
1984,32,10.29666667,10.23,10.18,0.0039,1,1,21607,0.333333333,Allan WELLS,9,1137.753126
1986,34,10.33666667,10.25333333,10.22,0.001233333,3.666666667,3,24741,1,Allan WELLS,9,1137.753126
1987,35,10.4,10.28,10.28,0,3,3,29380,1,Allan WELLS,9,1137.753126
2013,19,10.48833333,10.14166667,9.96,0.013696667,1.166666667,1,13087.83333,0.333333333,Andre DE GRASSE,3,1140.106017
2014,20,10.33333333,10.14666667,10.03,0.013233333,1.333333333,1,12939,0.666666667,Andre DE GRASSE,3,1140.106017
2015,21,10.13941176,9.995882353,9.75,0.008750735,1.529411765,1,2807.235294,0.647058824,Andre DE GRASSE,3,1140.106017
2016,22,10.11583333,10.045,9.91,0.009154545,2.083333333,1,5292.5,0.75,Andre DE GRASSE,3,1140.106017
2017,23,10.1475,10.0475,9.69,0.027392857,2,1,6895.75,0.75,Andre DE GRASSE,3,1140.106017
2018,24,10.25,10.2,10.15,0.0025,5,3,16726.33333,1,Andre DE GRASSE,3,1140.106017
2019,25,10.08076923,10.04923077,9.9,0.005357692,2.307692308,1,4548.923077,1,Andre DE GRASSE,3,1140.106017
2020,26,10.225,10.065,9.97,0.0121,1.75,1,6345.5,0.75,Andre DE GRASSE,3,1140.106017
2021,27,10.09692308,10,9.74,0.0193,2.076923077,1,4874.384615,0.846153846,Andre DE GRASSE,3,1140.106017
2002,20,10.316,10.23727273,10.12,0.002581818,2.272727273,1,22603.72727,0.818181818,Asafa POWELL,5,1151.202683
2003,21,10.18777778,10.10777778,10.02,0.003444444,1.666666667,1,7783.222222,0.888888889,Asafa POWELL,5,1151.202683
2004,22,9.987142857,10.00285714,9.87,0.013191209,1.357142857,1,4648,0.928571429,Asafa POWELL,5,1151.202683
2005,23,10.08375,9.9275,9.77,0.013335714,1.25,1,1614,0.75,Asafa POWELL,5,1151.202683
2006,24,10.0015,9.9725,9.77,0.021019737,1,1,4658.05,0.95,Asafa POWELL,5,1151.202683
2007,25,9.990666667,9.976666667,9.74,0.020180952,1.2,1,3842.733333,1,Asafa POWELL,5,1151.202683
2008,26,9.953333333,9.946190476,9.72,0.020424762,1.476190476,1,3649.571429,0.952380952,Asafa POWELL,5,1151.202683
2009,27,10.01391304,10.00130435,9.82,0.015120949,2.043478261,1,4493.086957,0.913043478,Asafa POWELL,7,1151.202683
2010,28,9.939,9.884,9.72,0.015826667,1.2,1,1300.5,0.7,Asafa POWELL,7,1151.202683
2011,29,10.00545455,9.927272727,9.78,0.005681818,1.181818182,1,1104,0.909090909,Asafa POWELL,7,1151.202683
2012,30,10.00333333,9.958888889,9.85,0.011536111,1.888888889,1,2582.222222,1,Asafa POWELL,7,1151.202683
2014,32,10.0675,10.04125,9.87,0.019783929,2.125,1,7210.875,1,Asafa POWELL,9,1151.202683
2015,33,9.954210526,9.963157895,9.81,0.006745029,1.631578947,1,1784.105263,0.894736842,Asafa POWELL,9,1151.202683
2016,34,10.07,10.025,9.92,0.00675,1.928571429,1,3946.571429,0.928571429,Asafa POWELL,9,1151.202683
2017,35,10.15714286,10.15428571,10.08,0.002195238,2.857142857,1,11412.85714,1,Asafa POWELL,9,1151.202683
2018,36,10.23,10.24,10.24,0,4,4,22081,1,Asafa POWELL,9,1151.202683
2019,37,10.28375,10.2025,10.02,0.007507143,2.75,1,18762.875,1,Asafa POWELL,9,1151.202683
2021,39,10.52,10.07,10.07,0,2,2,4606,0,Asafa POWELL,9,1151.202683
1992,19,10.38666667,10.27,10.22,0.0019,1,1,28109.66667,1,Ato BOLDON,9,1147.236581
1993,20,10.3,10.23,10.23,0,1,1,20480,1,Ato BOLDON,3,1147.236581
1994,21,10.30333333,10.10333333,10.07,0.001733333,3,2,6903.333333,0.666666667,Ato BOLDON,3,1147.236581
1995,22,10.153125,10.135,10.01,0.00728,1.875,1,11174.5,0.875,Ato BOLDON,3,1147.236581
1996,23,10.06526316,10.03684211,9.9,0.00845614,2.117647059,1,4634.736842,0.947368421,Ato BOLDON,3,1147.236581
1997,24,10.08454545,10.02727273,9.87,0.013641818,2.545454545,1,5047.818182,0.909090909,Ato BOLDON,2,1147.236581
1998,25,10.02190476,10.00380952,9.86,0.010754762,1.65,1,3808.142857,0.904761905,Ato BOLDON,2,1147.236581
1999,26,10.04125,9.98125,9.86,0.012869643,1.375,1,3110.375,0.875,Ato BOLDON,2,1147.236581
2000,27,10.15238095,10.09095238,9.95,0.008049048,2.277777778,1,7795.809524,0.80952381,Ato BOLDON,2,1147.236581
2001,28,10.15764706,10.10823529,9.88,0.013577941,2.235294118,1,10421.35294,0.823529412,Ato BOLDON,9,1147.236581
2002,29,10.42,10.24,10.23,0.0002,7,6,22125,0.5,Ato BOLDON,9,1147.236581
2003,30,10.31,10.22142857,10.09,0.006047619,4.285714286,1,21262.14286,1,Ato BOLDON,9,1147.236581
2004,31,10.08,10.11,10.09,0.0008,1.5,1,7154.5,0.5,Ato BOLDON,9,1147.236581
1996,20,10.36,10.3,10.3,0,1,1,33876,1,Aziz ZAKARI,9,1138.229236
1997,21,10.31,10.27666667,10.26,0.000233333,3.666666667,3,28838,1,Aziz ZAKARI,8,1138.229236
1998,22,10.29333333,10.25,10.17,0.0048,1,1,25178,1,Aziz ZAKARI,8,1138.229236
1999,23,10.4,10.08,10.08,0,5,5,5146,0,Aziz ZAKARI,8,1138.229236
2000,24,10.21083333,10.1675,10.06,0.003420455,2.583333333,1,13283.66667,0.75,Aziz ZAKARI,8,1138.229236
2001,25,10.178,10.1645,10.04,0.006689211,2.4,1,14032.65,0.95,Aziz ZAKARI,8,1138.229236
2002,26,10.28230769,10.20230769,10.13,0.001985897,3.615384615,2,17115.23077,0.846153846,Aziz ZAKARI,8,1138.229236
2003,27,10.21125,10.204375,9.98,0.010199583,2.75,1,20194.25,0.875,Aziz ZAKARI,8,1138.229236
2004,28,10.12095238,10.16428571,10,0.007575714,2.238095238,1,14260.2381,1,Aziz ZAKARI,8,1138.229236
2005,29,10.13052632,10.09894737,9.99,0.009832164,2.631578947,1,9000.736842,0.947368421,Aziz ZAKARI,9,1138.229236
2006,30,10.245,10.23,10.22,0.0002,4,3,20495,1,Aziz ZAKARI,9,1138.229236
2008,32,10.314,10.204,10.15,0.00143,2.2,1,17075.4,0.8,Aziz ZAKARI,9,1138.229236
2009,33,10.3075,10.2425,10.12,0.006758333,1,1,24571,0.75,Aziz ZAKARI,9,1138.229236
2010,34,10.2925,10.235,10.12,0.004742857,2,1,23000.75,0.875,Aziz ZAKARI,9,1138.229236
2011,35,10.45166667,10.23333333,10.16,0.002466667,1.666666667,1,21883.66667,0.5,Aziz ZAKARI,9,1138.229236
1981,20,10.25,10.25,10.25,0,2,2,23770,1,Ben JOHNSON,3,1140.106017
1982,21,10.64,10.05,10.05,0,,,3690,0,Ben JOHNSON,3,1140.106017
1983,22,10.30333333,10.21,10.19,0.0012,2.666666667,1,17724.66667,0.666666667,Ben JOHNSON,3,1140.106017
1984,23,10.29285714,10.16285714,10.01,0.005890476,2,1,13233.14286,0.857142857,Ben JOHNSON,3,1140.106017
1985,24,10.19714286,10.10285714,10,0.00702381,1.5,1,8152.714286,0.857142857,Ben JOHNSON,9,1140.106017
1986,25,10.17882353,10.10117647,9.95,0.006936029,1.083333333,1,8214.411765,0.823529412,Ben JOHNSON,9,1140.106017
1992,31,10.295,10.23,10.16,0.0098,3,2,22631,1,Ben JOHNSON,9,1140.106017
2009,20,10.24,10.28,10.28,0,1,1,29380,1,Bingtian SU,9,1137.046569
2011,22,10.29,10.21333333,10.16,0.003033333,1.666666667,1,18752.66667,1,Bingtian SU,9,1137.046569
2012,23,10.345,10.18,10.04,0.0102,3.25,1,16184.5,0.75,Bingtian SU,9,1137.046569
2013,24,10.1875,10.16875,10.06,0.005155357,2,1,13997.625,1,Bingtian SU,9,1137.046569
2014,25,10.23111111,10.19,10.1,0.002675,3.888888889,1,15674.66667,1,Bingtian SU,9,1137.046569
2015,26,10.04833333,10.03833333,9.99,0.001896667,4,2,3482.5,1,Bingtian SU,9,1137.046569
2016,27,10.16666667,10.09666667,10.04,0.004433333,4.666666667,3,6942.666667,0.666666667,Bingtian SU,9,1137.046569
2017,28,10.17909091,10.09636364,9.92,0.009925455,2.727272727,1,8449.636364,0.727272727,Bingtian SU,6,1137.046569
2018,29,10.08090909,10.05545455,9.9,0.020027273,1.9,1,8140.363636,0.909090909,Bingtian SU,6,1137.046569
2019,30,10.192,10.19,10.05,0.007,4.2,1,16748.8,1,Bingtian SU,6,1137.046569
2021,32,10.035,10.04416667,9.83,0.011826515,1.5,1,5509.5,1,Bingtian SU,6,1137.046569
1989,22,10.35,10.18333333,10.14,0.003433333,2,1,14875.66667,0.666666667,Bruny SURIN,4,1140.106017
1990,23,10.37,10.24,10.24,0,3,3,22081,1,Bruny SURIN,4,1140.106017
1991,24,10.255,10.179375,10.01,0.008299583,2.6,1,16233.4375,0.875,Bruny SURIN,4,1140.106017
1992,25,10.17916667,10.1675,10.05,0.004111364,2.416666667,1,13458.66667,1,Bruny SURIN,4,1140.106017
1993,26,10.20875,10.166875,10.02,0.004942917,2.9375,1,13644.8125,1,Bruny SURIN,9,1140.106017
1994,27,10.209,10.15454545,10.08,0.003247273,2.8,1,11853.36364,0.909090909,Bruny SURIN,9,1140.106017
1995,28,10.17863636,10.125,9.92,0.01107381,2.090909091,1,11187.63636,0.863636364,Bruny SURIN,9,1140.106017
1996,29,10.14722222,10.17166667,10.03,0.006920588,3.705882353,1,14945.44444,1,Bruny SURIN,9,1140.106017
1997,30,10.14636364,10.19818182,10.06,0.005656364,4.5,1,17841.45455,0.818181818,Bruny SURIN,9,1140.106017
1998,31,10.18235294,10.13823529,9.89,0.010090441,3.5625,1,12087.70588,0.823529412,Bruny SURIN,9,1140.106017
1999,32,10.07666667,10.05277778,9.84,0.015527124,1.5625,1,7045.333333,0.888888889,Bruny SURIN,9,1140.106017
2000,33,10.26538462,10.15923077,10.05,0.004741026,2,1,12801,0.769230769,Bruny SURIN,9,1140.106017
2001,34,10.24583333,10.2025,10.11,0.003838636,1.75,1,17814.5,0.916666667,Bruny SURIN,9,1140.106017
1980,19,10.28,10.19,10.17,0.0012,2.666666667,2,15124,1,Calvin SMITH,9,1144.561396
1981,20,10.26,10.21,10.21,0,1.5,1,17420,1,Calvin SMITH,9,1144.561396
1982,21,10.15333333,10.09714286,9.91,0.015490476,1.142857143,1,9765.428571,0.571428571,Calvin SMITH,9,1144.561396
1983,22,10.23777778,10.14666667,9.93,0.012176471,1.277777778,1,13504.22222,0.777777778,Calvin SMITH,9,1144.561396
1984,23,10.28636364,10.13909091,9.94,0.013749091,1.636363636,1,13209.18182,0.454545455,Calvin SMITH,9,1144.561396
1985,24,10.2,10.1775,10.1,0.003358333,2,1,14165.5,1,Calvin SMITH,3,1144.561396
1986,25,10.244,10.225,10.19,0.00051,2,1,19827.16667,0.833333333,Calvin SMITH,3,1144.561396
1987,26,10.215,10.17428571,10.07,0.005934066,1.785714286,1,14948.07143,0.785714286,Calvin SMITH,3,1144.561396
1988,27,10.21117647,10.11263158,9.87,0.013898246,1.368421053,1,10439.73684,0.631578947,Calvin SMITH,3,1144.561396
1989,28,10.264,10.178,10.05,0.00867,1.4,1,15795.2,1,Calvin SMITH,9,1144.561396
1990,29,10.21777778,10.2,10.04,0.0056,2.555555556,1,17884.22222,1,Calvin SMITH,9,1144.561396
1992,31,10.31666667,10.22,10.14,0.002266667,2.666666667,1,19688,0.857142857,Calvin SMITH,9,1144.561396
1993,32,10.258,10.19,10.06,0.00544,2.333333333,1,16424.16667,0.833333333,Calvin SMITH,9,1144.561396
1994,33,10.28666667,10.24333333,10.22,0.001633333,5.666666667,4,23120.66667,1,Calvin SMITH,9,1144.561396
1995,34,10.29,10.25,10.25,0,1,1,23770,1,Calvin SMITH,9,1144.561396
1996,35,10.43,10.25,10.25,0,4,4,23770,1,Calvin SMITH,9,1144.561396
1980,19,10.3225,10.26,10.21,0.001171429,2.25,1,26061.75,1,Carl LEWIS,9,1144.561396
1981,20,10.195,10.15333333,9.99,0.007860606,1.333333333,1,12948.75,0.833333333,Carl LEWIS,1,1144.561396
1982,21,10.168,10.09333333,10,0.007066667,1.166666667,1,7667.333333,0.666666667,Carl LEWIS,1,1144.561396
1983,22,10.158,10.096,9.93,0.01356,1.1,1,9488.9,0.7,Carl LEWIS,1,1144.561396
1984,23,10.07666667,10.06166667,9.99,0.004051515,1,1,5016.916667,0.666666667,Carl LEWIS,1,1144.561396
1985,24,10.158,10.058,9.9,0.01702,1,1,7088.6,0.8,Carl LEWIS,1,1144.561396
1986,25,10.2175,10.09875,9.91,0.011469643,1.5,1,8773.25,0.75,Carl LEWIS,1,1144.561396
1987,26,10.13181818,10.06545455,9.93,0.003247273,1.090909091,1,4949.909091,0.909090909,Carl LEWIS,1,1144.561396
1988,27,10.15,10.01466667,9.78,0.014026667,1.266666667,1,4820.533333,0.8,Carl LEWIS,1,1144.561396
1989,28,10.114,10.102,10.05,0.00112,1.2,1,6720.6,1,Carl LEWIS,9,1144.561396
1990,29,10.208,10.141,10.05,0.00541,1.555555556,1,11152.7,0.9,Carl LEWIS,9,1144.561396
1991,30,10.13454545,10.02545455,9.8,0.016687273,1.454545455,1,5106.272727,0.818181818,Carl LEWIS,9,1144.561396
1992,31,10.19,10.10333333,9.95,0.0095,1.666666667,1,8784.666667,0.666666667,Carl LEWIS,9,1144.561396
1993,32,10.19916667,10.075,9.9,0.007627273,2.5,1,6489.583333,0.75,Carl LEWIS,9,1144.561396
1994,33,10.18,10.14,10.04,0.01,1,1,11596,1,Carl LEWIS,9,1144.561396
1995,34,10.4,10.095,9.94,0.04805,4,3,12300,0.5,Carl LEWIS,9,1144.561396
1996,35,10.24875,10.0975,9.94,0.01025,3.142857143,1,8622.875,0.625,Carl LEWIS,9,1144.561396
2002,18,10.43,10.3,10.3,0,1,1,33876,1,Churandy MARTINA,9,1151.469388
2003,19,10.435,10.275,10.26,0.00045,1.5,1,28567,0.5,Churandy MARTINA,9,1151.469388
2004,20,10.30571429,10.22142857,10.13,0.002814286,2.285714286,1,20130.85714,0.714285714,Churandy MARTINA,9,1151.469388
2005,21,10.215,10.12833333,9.93,0.011656667,1.833333333,1,10946.16667,0.833333333,Churandy MARTINA,4,1151.469388
2006,22,10.25466667,10.10133333,9.76,0.019626667,2.333333333,1,10753.13333,0.666666667,Churandy MARTINA,4,1151.469388
2007,23,10.151875,10.13375,10.06,0.002211667,2.5625,1,9583,1,Churandy MARTINA,4,1151.469388
2008,24,10.051,10.078,9.93,0.013706667,3.5,1,8089,1,Churandy MARTINA,4,1151.469388
2009,25,10.19923077,10.15769231,9.97,0.008119231,3.538461538,1,13433.15385,0.923076923,Churandy MARTINA,5,1151.469388
2010,26,10.23666667,10.11416667,9.92,0.008553788,2.833333333,1,9521.75,0.75,Churandy MARTINA,5,1151.469388
2011,27,10.252,10.204,10.1,0.00316,3.3,1,17739,1,Churandy MARTINA,5,1151.469388
2012,28,10.10166667,10.125,9.91,0.02575,2.166666667,1,13947.66667,0.833333333,Churandy MARTINA,5,1151.469388
2013,29,10.19857143,10.11571429,10.03,0.004295238,2.571428571,1,8486.571429,0.857142857,Churandy MARTINA,9,1151.469388
2014,30,10.29777778,10.22444444,10.13,0.003352778,3.333333333,1,20807.77778,1,Churandy MARTINA,9,1151.469388
2015,31,10.22666667,10.15,10.06,0.005075,2.888888889,1,11933,1,Churandy MARTINA,9,1151.469388
2016,32,10.17142857,10.13071429,10.01,0.004668681,2.857142857,1,10059,1,Churandy MARTINA,9,1151.469388
2017,33,10.304,10.184,10,0.01243,4.2,3,17407.8,0.8,Churandy MARTINA,9,1151.469388
2018,34,10.27666667,10.21833333,10.16,0.002496667,3.166666667,1,19562.5,0.833333333,Churandy MARTINA,9,1151.469388
2019,35,10.285,10.215,10.19,0.00125,3,2,18391.5,1,Churandy MARTINA,9,1151.469388
2021,37,10.43,10.13,10.13,0,3,3,8587,0,Churandy MARTINA,9,1151.469388
1993,20,10.54,10.29,10.29,0,6,6,31544,0,Darren CAMPBELL,9,1137.753126
1996,23,10.38333333,10.24555556,10.17,0.001527778,3.888888889,1,23619.77778,0.888888889,Darren CAMPBELL,9,1137.753126
1997,24,10.33375,10.245,10.13,0.002942857,3.125,2,24017.5,0.875,Darren CAMPBELL,6,1137.753126
1998,25,10.18866667,10.19533333,10.04,0.005912381,3.181818182,1,17504.8,0.933333333,Darren CAMPBELL,6,1137.753126
1999,26,10.25833333,10.1875,10.11,0.002838636,4,1,15463.41667,0.833333333,Darren CAMPBELL,6,1137.753126
2000,27,10.243,10.197,10.06,0.005790526,2.947368421,1,17808.65,0.9,Darren CAMPBELL,6,1137.753126
2001,28,10.29,10.16,10.16,0,2,2,11386,1,Darren CAMPBELL,9,1137.753126
2002,29,10.27,10.235,10.11,0.005485714,2.75,1,23237.125,1,Darren CAMPBELL,9,1137.753126
2003,30,10.159,10.165,10.08,0.00325,2.4,1,12916.6,1,Darren CAMPBELL,9,1137.753126
2004,31,10.1975,10.2475,10.21,0.001091667,4.75,2,23683,1,Darren CAMPBELL,9,1137.753126
2006,33,10.51,10.3,10.3,0,6,6,33876,0,Darren CAMPBELL,9,1137.753126
2000,23,10.475,10.1575,10.09,0.003091667,1.666666667,1,11906.75,0.25,Darvis PATTON,9,1144.561396
2001,24,10.394,10.2,10.14,0.00365,2.2,1,17281.2,0.4,Darvis PATTON,9,1144.561396
2002,25,10.23583333,10.205,10.14,0.002736364,2.666666667,1,17792.33333,1,Darvis PATTON,9,1144.561396
2003,26,10.22,10.11,9.97,0.01545,1.8,1,10520,0.8,Darvis PATTON,9,1144.561396
2004,27,10.20142857,10.10285714,9.89,0.01632381,2.833333333,1,9759.285714,0.714285714,Darvis PATTON,9,1144.561396
2005,28,10.45,10.27,10.27,0,7,7,27452,1,Darvis PATTON,8,1144.561396
2006,29,10.315,10.24,10.19,0.005,2,1,23123,1,Darvis PATTON,8,1144.561396
2007,30,10.25733333,10.208,10.11,0.004102857,4,1,18722.13333,0.933333333,Darvis PATTON,8,1144.561396
2008,31,10.16375,10.065,9.84,0.012533333,3.1875,1,6951.4375,0.875,Darvis PATTON,8,1144.561396
2009,32,10.11176471,10.01470588,9.89,0.010876471,2.470588235,1,4396.823529,0.705882353,Darvis PATTON,9,1144.561396
2010,33,10.26666667,10.22,10.19,0.0007,1.666666667,1,19087.66667,1,Darvis PATTON,9,1144.561396
2011,34,10.23111111,10.09777778,9.94,0.006894444,3,1,7856.222222,0.777777778,Darvis PATTON,9,1144.561396
2012,35,10.185,10.11785714,9.96,0.007295055,3.642857143,1,9662.285714,1,Darvis PATTON,9,1144.561396
2013,36,10.05333333,9.97,9.75,0.0364,1.333333333,1,3448.333333,0.666666667,Darvis PATTON,9,1144.561396
1990,19,10.32285714,10.14125,10.05,0.006755357,1.125,1,11615.25,0.25,Davidson EZINWA,8,1141.238585
1991,20,10.31,10.171,10.04,0.007254444,2.6,1,14854.8,0.8,Davidson EZINWA,8,1141.238585
1992,21,10.14833333,10.11857143,9.96,0.010847619,2.714285714,1,10391.85714,0.714285714,Davidson EZINWA,8,1141.238585
1993,22,10.25166667,10.19428571,10.14,0.003295238,2.285714286,1,16470.28571,0.857142857,Davidson EZINWA,6,1141.238585
1994,23,10.1825,10.09111111,9.94,0.011211111,1.666666667,1,8285.444444,0.777777778,Davidson EZINWA,6,1141.238585
1995,24,10.20428571,10.18428571,10.08,0.005061905,1.142857143,1,15675.28571,1,Davidson EZINWA,6,1141.238585
1996,25,10.15357143,10.14428571,10.01,0.005841758,3.571428571,1,11512.42857,0.857142857,Davidson EZINWA,6,1141.238585
1997,26,10.178,10.15266667,10.06,0.002749524,2.461538462,1,11465.46667,1,Davidson EZINWA,9,1141.238585
1998,27,10.22117647,10.19647059,10.04,0.005374265,3,1,17521.52941,0.882352941,Davidson EZINWA,9,1141.238585
1999,28,10.2,10.2,10.2,0,1,1,16027,1,Davidson EZINWA,9,1141.238585
1985,19,10.395,10.215,10.21,5.00E-05,1.5,1,18164.5,1,Dennis MITCHELL,4,1144.561396
1987,21,10.35857143,10.20571429,10.11,0.004895238,2.571428571,1,18524.28571,0.857142857,Dennis MITCHELL,4,1144.561396
1988,22,10.19705882,10.11944444,9.86,0.008605556,1.944444444,1,9806.666667,0.777777778,Dennis MITCHELL,4,1144.561396
1989,23,10.20928571,10.12714286,10,0.00776044,1.642857143,1,10533.28571,0.642857143,Dennis MITCHELL,3,1144.561396
1990,24,10.30888889,10.20111111,10.05,0.004161111,1.875,1,17558.66667,0.888888889,Dennis MITCHELL,3,1144.561396
1991,25,10.1645,10.1352381,9.91,0.00992619,1.736842105,1,11755.61905,0.904761905,Dennis MITCHELL,3,1144.561396
1992,26,10.19166667,10.15291667,9.94,0.005899819,1.791666667,1,12417.54167,0.916666667,Dennis MITCHELL,3,1144.561396
1993,27,10.19714286,10.10357143,9.85,0.015763187,1.714285714,1,10209.42857,0.785714286,Dennis MITCHELL,4,1144.561396
1994,28,10.12166667,10.08958333,9.94,0.00837808,1.541666667,1,7770.041667,0.916666667,Dennis MITCHELL,4,1144.561396
1995,29,10.23454545,10.16909091,10.03,0.005369091,3,1,13943.63636,0.818181818,Dennis MITCHELL,4,1144.561396
1996,30,10.10153846,10.07576923,9.91,0.009033385,2,1,7084.076923,0.961538462,Dennis MITCHELL,4,1144.561396
1997,31,10.17166667,10.15055556,10.01,0.007252614,2.9375,1,12690.5,0.944444444,Dennis MITCHELL,9,1144.561396
1998,32,10.2,10.25,10.25,0,3,3,23770,1,Dennis MITCHELL,9,1144.561396
2000,34,10.22736842,10.18736842,10.04,0.004520468,2.6,1,16017.31579,0.894736842,Dennis MITCHELL,9,1144.561396
2001,35,10.31307692,10.20384615,10.07,0.005092308,3.166666667,1,18403.30769,0.692307692,Dennis MITCHELL,9,1144.561396
2004,21,10.595,10.24,10.19,0.005,5.5,5,23123,0,Dennis MITCHELL,9,1144.561396
1980,21,10.38,10.26,10.26,0,3,3,25590,1,Desai WILLIAMS,9,1140.106017
1983,24,10.27,10.22,10.22,0,1,1,18909,1,Desai WILLIAMS,9,1140.106017
1984,25,10.35,10.27,10.27,0,2,2,27452,1,Desai WILLIAMS,9,1140.106017
1985,26,10.34,10.23,10.21,0.0008,2,2,20595,1,Desai WILLIAMS,6,1140.106017
1986,27,10.33,10.21,10.21,0,1,1,17420,1,Desai WILLIAMS,6,1140.106017
1987,28,10.35,10.25333333,10.21,0.002033333,3,2,25022,0.666666667,Desai WILLIAMS,6,1140.106017
1988,29,10.26,10.16230769,10,0.004535897,2.692307692,1,12955.30769,0.846153846,Desai WILLIAMS,6,1140.106017
1971,20,10.42,10.29,10.29,0,1,1,31544,1,Don QUARRIE,9,1151.202683
1975,24,10.312,10.238,10.16,0.00262,1,1,22682.6,0.8,Don QUARRIE,2,1151.202683
1976,25,10.25666667,10.19,10.07,0.0109,1.666666667,1,17425.66667,1,Don QUARRIE,2,1151.202683
1977,26,10.192,10.194,10.12,0.00493,1.6,1,16840.8,0.6,Don QUARRIE,9,1151.202683
1978,27,10.445,10.165,10.03,0.010166667,1.5,1,14431.5,0.5,Don QUARRIE,9,1151.202683
1979,28,10.39,10.27,10.27,0,6,6,27452,1,Don QUARRIE,9,1151.202683
1980,29,10.29,10.29,10.29,0,2,2,31544,0,Don QUARRIE,9,1151.202683
1994,27,10.21235294,10.19526316,10.03,0.005959649,2.388888889,1,17495.10526,0.842105263,Donovan BAILEY,1,1140.106017
1995,28,10.16576923,10.11230769,9.91,0.008338462,1.576923077,1,9423.923077,0.923076923,Donovan BAILEY,1,1140.106017
1996,29,10.12777778,10.0662963,9.84,0.010862678,1.807692308,1,6651.777778,0.814814815,Donovan BAILEY,1,1140.106017
1997,30,10.08555556,10.06777778,9.91,0.010630065,1.875,1,6790.888889,0.888888889,Donovan BAILEY,9,1140.106017
1998,31,10.13538462,10.12307692,9.93,0.013739744,1.666666667,1,11753.69231,0.923076923,Donovan BAILEY,9,1140.106017
1999,32,10.51,10.255,10.19,0.002966667,2.75,2,25733.5,0.5,Donovan BAILEY,9,1140.106017
2000,33,10.26142857,10.15428571,9.98,0.010318681,3.583333333,1,13833.57143,0.714285714,Donovan BAILEY,9,1140.106017
2001,34,10.28,10.19428571,10.11,0.003228571,1.714285714,1,16373,0.571428571,Donovan BAILEY,9,1140.106017
1983,20,10.8,10.19,10.1,0.0162,1.5,1,17867,0,Donovan REID,7,1137.753126
1984,21,10.63,10.17,10.17,0,3,3,12446,0,Donovan REID,7,1137.753126
1997,19,10.33666667,10.20166667,10.06,0.005696667,1.6,1,18030,0.666666667,Dwain CHAMBERS,4,1137.753126
1998,20,10.19909091,10.20909091,10.03,0.007309091,3,1,19830.72727,0.909090909,Dwain CHAMBERS,4,1137.753126
1999,21,10.194,10.12533333,9.97,0.009426667,2.357142857,1,10900.8,0.8,Dwain CHAMBERS,4,1137.753126
2000,22,10.21583333,10.19833333,10.08,0.006851515,3.4,1,18300.58333,1,Dwain CHAMBERS,4,1137.753126
2001,23,10.145,10.10333333,9.97,0.008047059,2.055555556,1,8761.277778,0.833333333,Dwain CHAMBERS,9,1137.753126
2006,28,10.36166667,10.20666667,10.07,0.004986667,3.166666667,1,18501.66667,0.833333333,Dwain CHAMBERS,9,1137.753126
2008,30,10.20111111,10.15222222,10,0.009919444,1.333333333,1,13485.44444,1,Dwain CHAMBERS,9,1137.753126
2009,31,10.12428571,10.14571429,10,0.00778022,1.714285714,1,12293.42857,1,Dwain CHAMBERS,9,1137.753126
2010,32,10.10071429,10.17714286,9.99,0.006221978,1.5,1,15208.42857,0.857142857,Dwain CHAMBERS,9,1137.753126
2011,33,10.15588235,10.15117647,10.01,0.008123529,1.647058824,1,13087.23529,0.941176471,Dwain CHAMBERS,9,1137.753126
2012,34,10.24888889,10.15444444,10.02,0.014477778,2.25,1,15236.55556,0.888888889,Dwain CHAMBERS,9,1137.753126
2013,35,10.19444444,10.11666667,10.02,0.006325,2.555555556,1,9294.888889,0.888888889,Dwain CHAMBERS,9,1137.753126
2014,36,10.26666667,10.19444444,10.06,0.006027778,3.444444444,1,17338.55556,0.777777778,Dwain CHAMBERS,9,1137.753126
2016,38,10.37333333,10.22,10.11,0.0093,4.333333333,1,21383.66667,0.666666667,Dwain CHAMBERS,9,1137.753126
2018,18,10.20333333,10.21333333,10.19,0.000633333,1,1,18067.66667,1,Enoch ADEGOKE,8,1141.238585
2019,19,10.19666667,10.19333333,10.12,0.004586667,1.166666667,1,16721.83333,1,Enoch ADEGOKE,8,1141.238585
2021,21,10.218,10.119,9.98,0.013365556,1.3,1,11330.3,0.8,Enoch ADEGOKE,8,1141.238585
1996,18,10.28333333,10.21833333,10.12,0.005496667,1,1,20501.83333,0.833333333,Francis OBIKWELU,9,1140.730233
1997,19,10.275,10.17833333,10.1,0.004360606,1.818181818,1,14907,0.833333333,Francis OBIKWELU,9,1140.730233
1998,20,10.18,10.116875,10.01,0.00551625,3,1,9153.375,0.75,Francis OBIKWELU,9,1140.730233
1999,21,10.23444444,10.15666667,10.01,0.006775,1.285714286,1,13077.11111,0.666666667,Francis OBIKWELU,9,1140.730233
2000,22,10.079,10.08,9.97,0.008844444,2.666666667,1,7158.1,0.9,Francis OBIKWELU,9,1140.730233
2001,23,10.22111111,10.15888889,9.98,0.010636111,2.444444444,1,14287.11111,0.888888889,Francis OBIKWELU,2,1140.730233
2002,24,10.16352941,10.13294118,10.01,0.004934559,2.294117647,1,10290.94118,0.941176471,Francis OBIKWELU,2,1140.730233
2003,25,10.32,10.21666667,10.11,0.008633333,2.666666667,1,20662.33333,1,Francis OBIKWELU,2,1140.730233
2004,26,10.11076923,10.02615385,9.86,0.006075641,1.923076923,1,3624,0.769230769,Francis OBIKWELU,2,1140.730233
2005,27,10.18833333,10.13166667,10.04,0.003167647,2.944444444,1,9627.166667,0.944444444,Francis OBIKWELU,9,1140.730233
2006,28,10.23222222,10.14185185,9.84,0.011646439,2.481481481,1,12861.77778,0.777777778,Francis OBIKWELU,9,1140.730233
2007,29,10.19111111,10.16666667,9.99,0.004811765,2.833333333,1,13568.22222,0.944444444,Francis OBIKWELU,9,1140.730233
2008,30,10.13076923,10.13846154,10.04,0.003747436,2.230769231,1,10447.84615,1,Francis OBIKWELU,9,1140.730233
2009,31,10.3075,10.11375,10.06,0.002426786,1.5,1,7951.75,0.375,Francis OBIKWELU,9,1140.730233
2010,32,10.24333333,10.25333333,10.18,0.001746667,1.833333333,1,25014,0.833333333,Francis OBIKWELU,9,1140.730233
2011,33,10.346,10.23,10.18,0.002,3.6,2,21162.2,1,Francis OBIKWELU,9,1140.730233
2014,36,10.66,10.28,10.28,0,2,2,29380,0,Francis OBIKWELU,9,1140.730233
1988,21,10.29,10.25,10.25,0,1,1,23770,1,Frank FREDERICKS,9,1157.304348
1989,22,10.275,10.1325,10.02,0.010891667,3.5,1,11311.25,0.5,Frank FREDERICKS,2,1157.304348
1990,23,10.3925,10.194,10.15,0.00163,1,1,15797,0.6,Frank FREDERICKS,2,1157.304348
1991,24,10.216,10.119375,9.89,0.010672917,2,1,10289.4375,0.625,Frank FREDERICKS,2,1157.304348
1992,25,10.21285714,10.155,9.91,0.009903846,1.928571429,1,13592.21429,0.928571429,Frank FREDERICKS,2,1157.304348
1993,26,10.17,10.1375,10.03,0.006838636,3.25,1,11241.83333,0.833333333,Frank FREDERICKS,2,1157.304348
1994,27,10.225,10.115,10,0.005211538,2.285714286,1,8747.428571,0.857142857,Frank FREDERICKS,2,1157.304348
1995,28,10.22642857,10.14,10.03,0.004569231,2.428571429,1,10812.35714,0.857142857,Frank FREDERICKS,2,1157.304348
1996,29,10.04076923,10.00230769,9.86,0.011419231,1.230769231,1,3675.769231,0.923076923,Frank FREDERICKS,2,1157.304348
1997,30,10.07052632,10.04,9.9,0.011388889,1.315789474,1,5580.894737,0.894736842,Frank FREDERICKS,9,1157.304348
1998,31,10.08741935,10.07967742,9.93,0.009356559,1.833333333,1,7369.032258,0.935483871,Frank FREDERICKS,9,1157.304348
1999,32,10.13583333,10.1025,9.94,0.012165909,2.1,1,9680.666667,0.916666667,Frank FREDERICKS,9,1157.304348
2001,34,10.265,10.215,10.06,0.011366667,2.75,1,21384,1,Frank FREDERICKS,9,1157.304348
2002,35,10.19304348,10.14826087,9.85,0.013305929,1.391304348,1,13726.34783,0.826086957,Frank FREDERICKS,9,1157.304348
2003,36,10.24666667,10.18444444,10,0.008277778,2,1,16646.33333,0.888888889,Frank FREDERICKS,9,1157.304348
2004,37,10.22571429,10.22142857,10.12,0.003880952,2.857142857,1,20464,1,Frank FREDERICKS,9,1157.304348
2021,26,10.07578947,9.991578947,9.78,0.014025146,1.894736842,1,3610.052632,0.947368421,Fred KERLEY,2,1144.561396
1976,23,10.25,10.25,10.25,0,5,5,23770,1,Guy ABRAHAMS,5,1139.179104
1977,24,10.34,10.22,10.22,0,1,1,18909,1,Guy ABRAHAMS,9,1139.179104
1978,25,10.28166667,10.20333333,10.16,0.002146667,2,1,17254.16667,0.333333333,Guy ABRAHAMS,9,1139.179104
1980,27,10.28,10.28,10.28,0,1,1,29380,1,Guy ABRAHAMS,9,1139.179104
1976,19,10.2725,10.19375,10.11,0.002769643,1.625,1,16160.875,0.875,Harvey GLANCE,4,1144.561396
1977,20,10.245,10.22833333,10.16,0.002136667,2,1,20936.66667,0.666666667,Harvey GLANCE,9,1144.561396
1978,21,10.28857143,10.2,10.07,0.006266667,2,1,18170.28571,0.285714286,Harvey GLANCE,9,1144.561396
1979,22,10.276,10.192,10.13,0.002751111,1.6,1,16020.7,0.8,Harvey GLANCE,9,1144.561396
1980,23,10.31166667,10.23333333,10.07,0.004260606,1.416666667,1,22521.91667,0.833333333,Harvey GLANCE,9,1144.561396
1984,27,10.315,10.177,10.07,0.004712222,1.9,1,14748.7,0.8,Harvey GLANCE,9,1144.561396
1985,28,10.304,10.162,10.05,0.00557,1.8,1,13088.8,1,Harvey GLANCE,9,1144.561396
1986,29,10.29307692,10.17857143,10.04,0.007105495,2.428571429,1,15787.14286,0.642857143,Harvey GLANCE,9,1144.561396
1987,30,10.32375,10.16125,10.03,0.0084125,2.625,1,13938.375,0.75,Harvey GLANCE,9,1144.561396
1988,31,10.355,10.2,10.2,0,3,1,16027,0.5,Harvey GLANCE,9,1144.561396
1972,22,10.18,10.18,10.18,0,3,3,13525,1,Hasely CRAWFORD,9,1147.236581
1975,25,10.29,10.24,10.21,0.0018,2,2,22436,1,Hasely CRAWFORD,1,1147.236581
1976,26,10.21666667,10.19,10.06,0.0139,1,1,18195,1,Hasely CRAWFORD,1,1147.236581
1977,27,10.36333333,10.24,10.22,0.0012,2,1,22399.33333,1,Hasely CRAWFORD,9,1147.236581
1978,28,10.4375,10.2225,10.09,0.008425,1.75,1,21817.25,0.5,Hasely CRAWFORD,9,1147.236581
1980,30,10.305,10.235,10.19,0.00405,3,1,22041,0.5,Hasely CRAWFORD,9,1147.236581
1984,34,10.25,10.25,10.25,0,3,3,23770,0,Hasely CRAWFORD,9,1147.236581
1980,22,10.32,10.265,10.24,0.00125,2,1,26812.5,0.5,Hermann PANZO,8,1138.013621
1981,23,10.292,10.262,10.14,0.00467,1.8,1,27595.8,0.8,Hermann PANZO,9,1138.013621
2010,18,10.2875,10.225,10.16,0.004833333,1.5,1,21189,1,Jimmy VICAUT,9,1138.013621
2011,19,10.24333333,10.17333333,10.07,0.005438095,2.266666667,1,14659.33333,0.8,Jimmy VICAUT,9,1138.013621
2012,20,10.229375,10.163125,10.02,0.007329583,2.6875,1,14128.3125,0.875,Jimmy VICAUT,9,1138.013621
2013,21,10.085,10.07642857,9.95,0.011547802,2.928571429,1,7749.785714,0.857142857,Jimmy VICAUT,7,1138.013621
2014,22,10.082,9.994,9.89,0.00513,1.6,1,2312.4,0.8,Jimmy VICAUT,7,1138.013621
2015,23,10.03,10.01933333,9.86,0.008820952,2.733333333,1,4056.266667,1,Jimmy VICAUT,7,1138.013621
2016,24,10.07076923,10.01076923,9.86,0.008874359,2.307692308,1,3577.538462,1,Jimmy VICAUT,7,1138.013621
2017,25,10.07285714,10.05857143,9.97,0.003214286,2.428571429,1,4634,1,Jimmy VICAUT,9,1138.013621
2018,26,10.018,9.964,9.91,0.00233,1.4,1,1377.6,1,Jimmy VICAUT,9,1138.013621
2019,27,10.16,10.14333333,10.02,0.006052381,2.133333333,1,11598.93333,1,Jimmy VICAUT,9,1138.013621
2021,29,10.14666667,10.14666667,10.06,0.006986667,2.833333333,1,12047.16667,1,Jimmy VICAUT,9,1138.013621
1987,19,10.37,10.28,10.28,0,1,1,29380,1,Jon DRUMMOND,9,1144.561396
1988,20,10.18,10.25,10.25,0,2.5,1,23770,0.5,Jon DRUMMOND,9,1144.561396
1989,21,10.22,10.225,10.21,0.00045,1.5,1,19750.5,1,Jon DRUMMOND,9,1144.561396
1990,22,10.28,10.135,10.1,0.00245,2,1,9400,0.5,Jon DRUMMOND,9,1144.561396
1991,23,10.3925,10.175,10.03,0.009966667,1.25,1,15449.25,0.75,Jon DRUMMOND,9,1144.561396
1992,24,10.31,10.22,10.12,0.0044,2.4,1,20361.8,1,Jon DRUMMOND,9,1144.561396
1993,25,10.21533333,10.09133333,9.92,0.00748381,2.333333333,1,7556.2,0.733333333,Jon DRUMMOND,9,1144.561396
1994,26,10.13956522,10.11434783,9.99,0.007471146,2.043478261,1,9400.826087,0.913043478,Jon DRUMMOND,9,1144.561396
1995,27,10.19769231,10.16615385,10.08,0.003392308,3.230769231,1,13161.07692,0.923076923,Jon DRUMMOND,9,1144.561396
1996,28,10.16,10.10190476,9.98,0.00670619,3.285714286,1,8160.571429,0.904761905,Jon DRUMMOND,9,1144.561396
1997,29,10.175,10.0725,9.92,0.006792857,2.666666667,1,6003.5,0.75,Jon DRUMMOND,5,1144.561396
1998,30,10.085,10.07083333,9.94,0.007826515,2.727272727,2,6429.75,0.916666667,Jon DRUMMOND,5,1144.561396
1999,31,10.16090909,10.11636364,10.04,0.002385455,3.111111111,1,8109.818182,0.818181818,Jon DRUMMOND,5,1144.561396
2000,32,10.09,10.10833333,9.96,0.00399697,3.3,1,7842.5,0.916666667,Jon DRUMMOND,5,1144.561396
2001,33,10.3,10.14909091,10.04,0.003449091,3,1,11283.09091,0.545454545,Jon DRUMMOND,9,1144.561396
2002,34,10.21055556,10.17611111,9.97,0.008836928,3.888888889,1,15953.11111,0.944444444,Jon DRUMMOND,9,1144.561396
2003,35,10.21,10.1925,10.07,0.003693182,2.666666667,1,16359.41667,0.916666667,Jon DRUMMOND,9,1144.561396
2008,20,10.24857143,10.20428571,10.16,0.001428571,2,1,17149.57143,1,Joseph Obinna METU,9,1141.238585
2009,21,10.3,10.27333333,10.26,0.000233333,1,1,28195.33333,0.666666667,Joseph Obinna METU,9,1141.238585
2010,22,10.29333333,10.27333333,10.25,0.000633333,1.666666667,1,28366,0.666666667,Joseph Obinna METU,9,1141.238585
2011,23,10.345,10.205,10.12,0.01445,2,1,19644,0.5,Joseph Obinna METU,9,1141.238585
2012,24,10.19,10.11,10.11,0,1,1,7017,1,Joseph Obinna METU,9,1141.238585
2013,25,10.44666667,10.27666667,10.27,0.000133333,4.333333333,2,28816,0.666666667,Joseph Obinna METU,9,1141.238585
2014,26,10.225,10.265,10.25,0.00045,2,1,26575,0.5,Joseph Obinna METU,9,1141.238585
2015,27,10.4,10.28,10.28,0,1,1,29380,1,Joseph Obinna METU,9,1141.238585
2017,29,10.76,10.28,10.28,0,1,1,29380,0,Joseph Obinna METU,9,1141.238585
2001,19,10.22666667,10.15333333,10.08,0.005546667,1.166666667,1,12320.16667,0.666666667,Justin GATLIN,1,1144.561396
2003,21,10.15111111,10.10555556,9.97,0.008052778,2.111111111,1,8800.888889,0.666666667,Justin GATLIN,1,1144.561396
2004,22,10.09625,10.025,9.85,0.0128,2.375,1,4978.375,0.8125,Justin GATLIN,1,1144.561396
2005,23,10.07,10.057,9.84,0.014253684,1.25,1,6877.6,0.9,Justin GATLIN,9,1144.561396
2010,28,10.20285714,10.18142857,10.09,0.003947619,1.285714286,1,15013.57143,0.857142857,Justin GATLIN,3,1144.561396
2011,29,10.14933333,10.08533333,9.95,0.00738381,2.6,1,7108.4,0.866666667,Justin GATLIN,3,1144.561396
2012,30,10.03916667,9.916666667,9.79,0.01189697,1.25,1,1517.416667,0.916666667,Justin GATLIN,3,1144.561396
2013,31,10.02375,9.954375,9.85,0.00422625,1.5625,1,1452.3125,0.8125,Justin GATLIN,9,1144.561396
2014,32,9.915625,9.93625,9.76,0.015985,1,1,2185.3125,0.8125,Justin GATLIN,9,1144.561396
2015,33,9.867777778,9.824444444,9.74,0.010777778,1.111111111,1,485,0.888888889,Justin GATLIN,9,1144.561396
2016,34,10.02166667,9.946153846,9.8,0.010075641,1.076923077,1,2065.846154,0.769230769,Justin GATLIN,9,1144.561396
2017,35,10.03166667,10.035,9.92,0.0099,1.916666667,1,5177.583333,0.916666667,Justin GATLIN,9,1144.561396
2018,36,10.074,10.094,10.03,0.00493,2.8,1,7056.2,1,Justin GATLIN,9,1144.561396
2019,37,10.06285714,10.04071429,9.87,0.015407143,2,1,6282.571429,1,Justin GATLIN,9,1144.561396
2020,38,10.2725,10.0425,9.99,0.002091667,2,2,3643.75,0.5,Justin GATLIN,9,1144.561396
2021,39,10.18230769,10.07461538,9.93,0.013460256,2.769230769,1,7946.153846,0.769230769,Justin GATLIN,9,1144.561396
1996,20,10.28,10.27,10.27,0,3,3,27452,1,Kim COLLINS,9,1148.778061
1998,22,10.31333333,10.21333333,10.16,0.005733333,1.5,1,19595.66667,0.666666667,Kim COLLINS,7,1148.778061
1999,23,10.31333333,10.25333333,10.21,0.001466667,1.75,1,24946.83333,1,Kim COLLINS,7,1148.778061
2000,24,10.28545455,10.16272727,10.02,0.004981818,2.222222222,1,13141.27273,0.727272727,Kim COLLINS,7,1148.778061
2001,25,10.16421053,10.13368421,9.99,0.008246784,1.789473684,1,11342.68421,0.842105263,Kim COLLINS,6,1148.778061
2002,26,10.15619048,10.10190476,9.98,0.00863619,1.714285714,1,8781.52381,0.904761905,Kim COLLINS,6,1148.778061
2003,27,10.1675,10.08875,9.92,0.007371667,1.875,1,7262.8125,0.8125,Kim COLLINS,6,1148.778061
2004,28,10.14714286,10.12785714,10,0.008233516,3.230769231,1,10780.42857,0.857142857,Kim COLLINS,6,1148.778061
2005,29,10.171,10.112,10,0.009551111,4.2,1,9759.9,0.9,Kim COLLINS,9,1148.778061
2007,31,10.28857143,10.23857143,10.14,0.004247619,3.285714286,1,23417.28571,1,Kim COLLINS,9,1148.778061
2008,32,10.17304348,10.17130435,10.05,0.004748221,3.608695652,1,14217.34783,0.956521739,Kim COLLINS,9,1148.778061
2009,33,10.31153846,10.21923077,10.08,0.004941026,3.769230769,1,20601.46154,0.769230769,Kim COLLINS,9,1148.778061
2010,34,10.24666667,10.25666667,10.2,0.002633333,3.333333333,2,25785,1,Kim COLLINS,9,1148.778061
2011,35,10.11111111,10.10833333,10,0.007438235,2.111111111,1,9095.777778,1,Kim COLLINS,9,1148.778061
2012,36,10.155,10.111875,9.96,0.00721625,2.625,1,9146.0625,0.875,Kim COLLINS,9,1148.778061
2013,37,10.15809524,10.10904762,9.97,0.006469048,2.75,1,8747.571429,0.857142857,Kim COLLINS,9,1148.778061
2014,38,10.14692308,10.13076923,9.96,0.005041026,3.769230769,1,9985.923077,1,Kim COLLINS,9,1148.778061
2015,39,10.169375,10.09,9.94,0.008146667,3.5,1,7760.5625,0.875,Kim COLLINS,9,1148.778061
2016,40,10.2,10.129375,9.93,0.008379583,3.5,1,10878.6875,0.875,Kim COLLINS,9,1148.778061
2017,41,10.28,10.26,10.2,0.0016,4,2,26148.8,1,Kim COLLINS,9,1148.778061
2018,42,10.43,10.2,10.2,0,4,4,16027,0,Kim COLLINS,9,1148.778061
1976,21,10.32666667,10.27,10.22,0.0019,2,1,28109.66667,1,Klaus-Dieter KURRAT,7,1126.87963
2016,22,10.355,10.25,10.23,0.0008,1,1,23966,1,Lamont Marcell JACOBS,9,1129.9002
2018,24,10.26444444,10.17333333,10.04,0.007175,2.444444444,1,15064,0.888888889,Lamont Marcell JACOBS,1,1129.9002
2019,25,10.2125,10.13833333,10.03,0.004942424,1.916666667,1,10783,1,Lamont Marcell JACOBS,1,1129.9002
2020,26,10.31714286,10.18428571,10.1,0.003918681,1.785714286,1,15448.78571,0.857142857,Lamont Marcell JACOBS,1,1129.9002
2021,27,9.97125,9.955,9.8,0.008828571,1.625,1,1725.25,1,Lamont Marcell JACOBS,1,1129.9002
1988,21,10.4575,10.115,10.09,0.001366667,3,2,7719,0,Leroy BURRELL,9,1144.561396
1989,22,10.20714286,10.12,9.94,0.007428571,2.4,1,9623.666667,0.8,Leroy BURRELL,5,1144.561396
1990,23,10.169,10.07,9.94,0.010031579,1.157894737,1,6892.85,0.8,Leroy BURRELL,5,1144.561396
1991,24,10.12866667,10.06375,9.88,0.011438333,1.25,1,6583.9375,0.875,Leroy BURRELL,5,1144.561396
1992,25,10.13923077,10.11153846,9.96,0.009380769,2.230769231,1,9545.538462,0.769230769,Leroy BURRELL,5,1144.561396
1993,26,10.2,10.108,9.85,0.018862222,1.5,1,10995.1,0.7,Leroy BURRELL,9,1144.561396
1994,27,10.133,10.084,9.85,0.022337778,1.1,1,9969.7,0.7,Leroy BURRELL,9,1144.561396
1995,28,10.31666667,10.14333333,10.09,0.008533333,2.666666667,2,11738,0.333333333,Leroy BURRELL,9,1144.561396
1996,29,10.16111111,10.11333333,10.01,0.006,3.888888889,1,8900.777778,1,Leroy BURRELL,9,1144.561396
1997,30,10.20866667,10.15666667,10.04,0.006352381,3.538461538,1,13057.06667,0.866666667,Leroy BURRELL,9,1144.561396
1986,26,10.28363636,10.19909091,10.04,0.005229091,1.363636364,1,17716.45455,0.909090909,Linford CHRISTIE,2,1137.753126
1987,27,10.23181818,10.18818182,10.03,0.007536364,1.818181818,1,16975.63636,0.909090909,Linford CHRISTIE,2,1137.753126
1988,28,10.19,10.14666667,9.97,0.005424242,1.583333333,1,11511.08333,0.916666667,Linford CHRISTIE,2,1137.753126
1989,29,10.24555556,10.16666667,10.08,0.00285,1.777777778,1,12957.66667,0.888888889,Linford CHRISTIE,1,1137.753126
1990,30,10.259375,10.1325,9.93,0.011993333,1.875,1,12000.875,0.6875,Linford CHRISTIE,1,1137.753126
1991,31,10.22076923,10.11076923,9.9,0.014124359,2,1,10385,0.846153846,Linford CHRISTIE,1,1137.753126
1992,32,10.14125,10.11625,9.96,0.006291667,1.3125,1,9053,0.9375,Linford CHRISTIE,1,1137.753126
1993,33,10.174375,10.095,9.87,0.012426471,1.222222222,1,9127.5,0.777777778,Linford CHRISTIE,9,1137.753126
1994,34,10.1326087,10.06913043,9.91,0.007835573,1.318181818,1,6317.434783,0.913043478,Linford CHRISTIE,9,1137.753126
1995,35,10.1475,10.1005,9.97,0.005594474,1.85,1,7840.35,0.9,Linford CHRISTIE,9,1137.753126
1996,36,10.16272727,10.13590909,10,0.009177706,2.047619048,1,11936.36364,0.909090909,Linford CHRISTIE,9,1137.753126
1997,37,10.264,10.17666667,10.04,0.006609524,1.714285714,1,15457.53333,0.8,Linford CHRISTIE,9,1137.753126
2001,18,10.35,10.28,10.28,0,1,1,29380,1,Marc BURNS,9,1147.236581
2002,19,10.235,10.21,10.18,0.001466667,1.5,1,17887.25,0.75,Marc BURNS,9,1147.236581
2003,20,10.4725,10.2725,10.24,0.000491667,3.25,2,28096.25,0.5,Marc BURNS,9,1147.236581
2004,21,10.315,10.1475,9.99,0.009964286,1.875,1,12855.375,0.5,Marc BURNS,9,1147.236581
2005,22,10.18842105,10.13473684,9.96,0.006937427,2.789473684,1,10967.73684,0.894736842,Marc BURNS,7,1147.236581
2006,23,10.21666667,10.16333333,10.02,0.004541176,3.444444444,1,13176.05556,0.888888889,Marc BURNS,7,1147.236581
2007,24,10.245,10.20571429,10.06,0.003087912,4.142857143,1,17925,0.928571429,Marc BURNS,7,1147.236581
2008,25,10.14823529,10.10647059,9.97,0.008424265,2.941176471,1,8965.588235,0.941176471,Marc BURNS,7,1147.236581
2009,26,10.18733333,10.12466667,10,0.007126667,4.066666667,1,10105.73333,1,Marc BURNS,9,1147.236581
2010,27,10.285,10.18,10.11,0.0098,3.5,3,15393.5,1,Marc BURNS,9,1147.236581
2011,28,10.375,10.21,10.09,0.009,3.5,1,20143.75,0.75,Marc BURNS,9,1147.236581
2012,29,10.252,10.153,10,0.009023333,2.6,1,13358.6,0.9,Marc BURNS,9,1147.236581
2014,31,10.51,10.255,10.21,0.00405,2.5,1,25648,0.5,Marc BURNS,9,1147.236581
2015,32,10.355,10.19,10.17,0.0008,1,1,14933,0.5,Marc BURNS,9,1147.236581
1978,22,10.27,10.27,10.25,0.0008,1,1,27657,0,Marian WORONIN,7,1120.043478
1979,23,10.30888889,10.25666667,10.16,0.00205,1.666666667,1,25780.33333,0.777777778,Marian WORONIN,7,1120.043478
1980,24,10.3325,10.2225,10.19,0.001158333,1.25,1,19620.75,0.75,Marian WORONIN,7,1120.043478
1981,25,10.4,10.262,10.15,0.00397,1,1,27345.2,0.8,Marian WORONIN,9,1120.043478
1982,26,10.29666667,10.23333333,10.2,0.001733333,2,1,21438.66667,1,Marian WORONIN,9,1120.043478
1983,27,10.37666667,10.19666667,10.1,0.007233333,1,1,17474.66667,0.666666667,Marian WORONIN,9,1120.043478
1984,28,10.1825,10.135,10,0.008566667,1,1,10766.25,1,Marian WORONIN,9,1120.043478
1985,29,10.225,10.19,10.14,0.0014,1.25,1,15170,1,Marian WORONIN,9,1120.043478
1986,30,10.20666667,10.17,10.14,0.0009,1.333333333,1,12648,1,Marian WORONIN,9,1120.043478
1987,31,10.24,10.2,10.2,0,1,1,16027,1,Marian WORONIN,9,1120.043478
1988,32,10.16,10.21,10.21,0,1,1,17420,1,Marian WORONIN,9,1120.043478
1995,21,10.27111111,10.17555556,9.88,0.014252778,2.666666667,1,16534.11111,0.777777778,Maurice GREENE,7,1144.561396
1996,22,10.27166667,10.16166667,10.08,0.002616667,4,1,12284.83333,0.833333333,Maurice GREENE,7,1144.561396
1997,23,10.08444444,10.03,9.86,0.0168,2.25,1,6130,0.944444444,Maurice GREENE,1,1144.561396
1998,24,9.994666667,9.976666667,9.79,0.010895238,1.461538462,1,2870,0.866666667,Maurice GREENE,1,1144.561396
1999,25,10.015625,9.9725,9.79,0.02062,1.125,1,4470.5625,0.875,Maurice GREENE,1,1144.561396
2000,26,10,10.02176471,9.86,0.013465441,1.4,1,4918,0.941176471,Maurice GREENE,1,1144.561396
2001,27,9.989166667,9.950833333,9.82,0.007426515,1.083333333,1,1831.666667,0.833333333,Maurice GREENE,3,1144.561396
2002,28,10.09,10.05866667,9.88,0.012355238,2.266666667,1,6548.533333,0.866666667,Maurice GREENE,3,1144.561396
2003,29,10.095,10.07833333,9.94,0.006616667,2.333333333,1,6224.5,1,Maurice GREENE,3,1144.561396
2004,30,10.02722222,9.993333333,9.78,0.012070588,1.444444444,1,3448.444444,0.888888889,Maurice GREENE,3,1144.561396
2005,31,10.21166667,10.105,10.01,0.00715,1.333333333,1,8405.833333,0.833333333,Maurice GREENE,9,1144.561396
2001,19,10.57666667,10.27333333,10.26,0.000133333,2.333333333,2,28116.66667,0.333333333,Michael FRATER,9,1151.202683
2002,20,10.33375,10.19375,10.05,0.007741071,2.25,1,17748.875,0.625,Michael FRATER,9,1151.202683
2003,21,10.296,10.214,10.13,0.00263,2.6,1,18855.2,0.8,Michael FRATER,9,1151.202683
2004,22,10.22384615,10.16769231,10.06,0.004369231,3.076923077,1,13605.92308,0.846153846,Michael FRATER,9,1151.202683
2005,23,10.21590909,10.14363636,10.03,0.006900433,3,1,12024.40909,0.909090909,Michael FRATER,6,1151.202683
2006,24,10.23294118,10.20352941,10.06,0.006874265,3.294117647,1,19101.29412,0.941176471,Michael FRATER,6,1151.202683
2007,25,10.19333333,10.15166667,9.95,0.007497059,3.444444444,1,12732,0.944444444,Michael FRATER,6,1151.202683
2008,26,10.1164,10.1084,9.97,0.007455667,2.96,1,8997.92,0.96,Michael FRATER,6,1151.202683
2009,27,10.197,10.1615,10.02,0.006739737,3.9,1,13848.15,0.9,Michael FRATER,9,1151.202683
2010,28,10.21086957,10.15608696,9.94,0.011143083,2.217391304,1,14240.30435,0.826086957,Michael FRATER,9,1151.202683
2011,29,10.11368421,10.07684211,9.86,0.014467251,2.631578947,1,8175.421053,0.894736842,Michael FRATER,9,1151.202683
2012,30,10.1475,10.080625,9.94,0.004872917,2.6875,1,6229.125,1,Michael FRATER,9,1151.202683
2013,31,10.49,10.2,10.2,0,2,2,16027,0,Michael FRATER,9,1151.202683
2015,33,10.396,10.236,10.14,0.003137778,4,1,22636.5,0.7,Michael FRATER,9,1151.202683
2016,34,10.28,10.192,10.04,0.00902,4.4,1,17637.2,1,Michael FRATER,9,1151.202683
1986,19,10.415,10.225,10.22,5.00E-05,2.5,2,19694.5,1,Michael MARSH,9,1144.561396
1987,20,10.34666667,10.27,10.26,1.00E-04,2.666666667,1,27474,1,Michael MARSH,9,1144.561396
1988,21,10.301,10.151,9.94,0.006832222,2.7,1,12161.9,0.6,Michael MARSH,9,1144.561396
1989,22,10.26923077,10.19769231,10.07,0.002702564,2.307692308,1,16695.30769,0.923076923,Michael MARSH,9,1144.561396
1990,23,10.29222222,10.19666667,10.07,0.006,3.111111111,1,17656.88889,0.888888889,Michael MARSH,9,1144.561396
1991,24,10.28166667,10.155,10,0.00707,3.166666667,1,12660.83333,0.833333333,Michael MARSH,9,1144.561396
1992,25,10.0575,10.0375,9.93,0.009025,1.75,1,4403.25,0.75,Michael MARSH,9,1144.561396
1993,26,10.308,10.094,9.97,0.01228,2.6,1,8575.2,0.4,Michael MARSH,5,1144.561396
1994,27,10.195,10.135,10,0.03645,2.5,1,14703,1,Michael MARSH,5,1144.561396
1995,28,10.23818182,10.10272727,9.89,0.018221818,2.727272727,1,11123,0.454545455,Michael MARSH,5,1144.561396
1996,29,10.15428571,10.09428571,9.95,0.010918681,2.538461538,1,8925.928571,0.857142857,Michael MARSH,5,1144.561396
1997,30,10.178,10.12866667,9.87,0.014155238,3.692307692,1,12105.06667,0.866666667,Michael MARSH,9,1144.561396
1999,32,10.31,10.1225,10.06,0.004558333,2.5,1,9042.25,0.25,Michael MARSH,9,1144.561396
2000,33,10.148,10.082,9.9,0.01582,1,1,7994.4,0.8,Michael MARSH,9,1144.561396
1983,23,10.57,10.2,10.2,0,1,1,16027,0,Mike MCFARLANE,5,1137.753126
1984,24,10.38333333,10.21666667,10.08,0.014233333,3.333333333,1,22158,0.666666667,Mike MCFARLANE,5,1137.753126
1986,26,10.4625,10.2725,10.22,0.001225,3.5,1,28385.25,0.5,Mike MCFARLANE,9,1137.753126
1994,18,10.34,10.185,10.08,0.02205,3.5,3,18345,1,Obadele THOMPSON,9,1138.35625
1995,19,10.23888889,10.22333333,10.18,0.0018,2.222222222,1,20091.44444,0.777777778,Obadele THOMPSON,9,1138.35625
1996,20,10.16,10.05333333,9.69,0.033226667,2.75,1,7272.5,0.666666667,Obadele THOMPSON,9,1138.35625
1997,21,10.196,10.198,10.09,0.00767,3,1,18239,1,Obadele THOMPSON,3,1138.35625
1998,22,10.08818182,10.10681818,9.87,0.00887987,2.833333333,1,9139.818182,0.954545455,Obadele THOMPSON,3,1138.35625
1999,23,10.126,10.12666667,9.96,0.013238095,1.866666667,1,12253,0.933333333,Obadele THOMPSON,3,1138.35625
2000,24,10.12888889,10.12388889,9.97,0.006448693,2.5,1,9879.055556,0.944444444,Obadele THOMPSON,3,1138.35625
2001,25,10.288,10.22,10.03,0.0117,3.4,2,22342.6,0.8,Obadele THOMPSON,9,1138.35625
2003,27,10.1925,10.1425,10.08,0.002425,1.75,1,10256.5,1,Obadele THOMPSON,9,1138.35625
2004,28,10.1925,10.1375,10.01,0.006592857,3.5,1,11087.375,0.875,Obadele THOMPSON,9,1138.35625
2005,29,10.40333333,10.3,10.3,0,3.666666667,3,33876,1,Obadele THOMPSON,9,1138.35625
1988,19,10.33,10.295,10.29,5.00E-05,1.5,1,32710,1,Olapade ADENIKEN,9,1141.238585
1989,20,10.312,10.2,10.05,0.00744,2.666666667,1,18364.5,0.666666667,Olapade ADENIKEN,6,1141.238585
1990,21,10.298,10.172,10.1,0.002706667,1.8,1,13562.9,0.8,Olapade ADENIKEN,6,1141.238585
1991,22,10.25153846,10.14307692,10,0.005439744,2.833333333,1,11284.92308,0.615384615,Olapade ADENIKEN,6,1141.238585
1992,23,10.2152381,10.11142857,9.97,0.010252857,2,1,9940.380952,0.80952381,Olapade ADENIKEN,6,1141.238585
1993,24,10.27,10.1725,10,0.006335714,3.625,2,14503,0.75,Olapade ADENIKEN,9,1141.238585
1994,25,10.23217391,10.1475,9.95,0.008167391,3,1,12664.58333,0.875,Olapade ADENIKEN,9,1141.238585
1995,26,10.185,10.15785714,9.92,0.009464286,2.928571429,1,13895.85714,0.857142857,Olapade ADENIKEN,9,1141.238585
1996,27,10.22,10.10142857,10.03,0.003680952,2.857142857,1,7305.285714,0.857142857,Olapade ADENIKEN,9,1141.238585
1997,28,10.28666667,10.21,10.18,0.0027,4.333333333,1,18167.33333,0.666666667,Olapade ADENIKEN,9,1141.238585
1998,29,10.29,10.17333333,10.12,0.002233333,1,1,13288.66667,0.666666667,Olapade ADENIKEN,9,1141.238585
1977,22,10.32666667,10.25,10.2,0.0021,1.666666667,1,24387,0.666666667,Osvaldo LARA,5,1131.117647
1978,23,10.16666667,10.16666667,10.11,0.004433333,1.333333333,1,13160,0,Osvaldo LARA,5,1131.117647
1979,24,10.39,10.27,10.27,0,7,7,27452,1,Osvaldo LARA,5,1131.117647
1980,25,10.35,10.21,10.21,0,3,3,17420,1,Osvaldo LARA,5,1131.117647
1981,26,10.57,10.29,10.29,0,2,2,31544,0,Osvaldo LARA,9,1131.117647
1983,28,10.41,10.21,10.21,0,4,4,17420,1,Osvaldo LARA,9,1131.117647
1984,29,10.302,10.221,10.14,0.003054444,1.5,1,20182.1,0.9,Osvaldo LARA,9,1131.117647
1985,30,10.3,10.22666667,10.13,0.007633333,1.666666667,1,22077.66667,1,Osvaldo LARA,9,1131.117647
1990,25,10.57,10.28,10.28,0,1,1,29380,0,Pedro AGOSTINHO,9,1140.730233
1976,21,10.32333333,10.29,10.27,0.0003,2.666666667,1,31734.66667,1,Petar PETROV,8,1120.771429
1977,22,10.21,10.19,10.19,0,2,2,14702,1,Petar PETROV,3,1120.771429
1978,23,10.19,10.19,10.19,0,1,1,14702,0,Petar PETROV,3,1120.771429
1979,24,10.26,10.26,10.22,0.0032,1,1,26392.5,0,Petar PETROV,3,1120.771429
1980,25,10.3175,10.2075,10.13,0.003025,1.5,1,17998.75,1,Petar PETROV,3,1120.771429
1983,18,10.435,10.22,10.22,0,3,1,18909,0.5,Raymond STEWART,6,1151.202683
1984,19,10.36428571,10.25857143,10.19,0.001514286,2.428571429,1,25916.85714,0.428571429,Raymond STEWART,6,1151.202683
1986,21,10.48,10.29,10.29,0,1,1,31544,1,Raymond STEWART,7,1151.202683
1987,22,10.21,10.1525,9.89,0.009914474,1.5,1,13398.85,0.8,Raymond STEWART,7,1151.202683
1988,23,10.23923077,10.14357143,10.01,0.006824725,1.714285714,1,11859.07143,0.571428571,Raymond STEWART,7,1151.202683
1989,24,10.199375,10.06705882,9.9,0.010059559,1.117647059,1,6544.117647,0.647058824,Raymond STEWART,7,1151.202683
1990,25,10.25571429,10.22857143,10.17,0.001780952,2.285714286,1,20851.71429,1,Raymond STEWART,7,1151.202683
1991,26,10.25181818,10.15454545,9.96,0.010987273,2.545454545,1,13884.36364,0.909090909,Raymond STEWART,7,1151.202683
1992,27,10.27,10.17166667,10.06,0.005856667,2.666666667,1,14333.83333,0.833333333,Raymond STEWART,7,1151.202683
1993,28,10.25222222,10.19555556,10.11,0.003477778,3.444444444,1,16751.33333,1,Raymond STEWART,9,1151.202683
1994,29,10.39,10.17333333,10.09,0.005233333,3.666666667,2,14017,0.666666667,Raymond STEWART,9,1151.202683
1995,30,10.26,10.19076923,9.89,0.011507692,3.461538462,1,18119.30769,0.846153846,Raymond STEWART,9,1151.202683
1996,31,10.335,10.1975,10.18,0.000291667,2.666666667,1,15790.75,0.75,Raymond STEWART,9,1151.202683
1997,32,10.25222222,10.18111111,10.1,0.005486111,1.888888889,1,15552,0.888888889,Raymond STEWART,9,1151.202683
1998,33,10.35,10.25,10.25,0,1,1,23770,1,Raymond STEWART,9,1151.202683
1999,34,10.375,10.24,10.22,0.0008,2.5,2,22249.5,1,Raymond STEWART,9,1151.202683
2000,35,10.50666667,10.10666667,9.99,0.011433333,1.5,1,8776.666667,0,Raymond STEWART,9,1151.202683
2006,21,10.465,10.265,10.26,5.00E-05,2.5,2,26521,0.5,Richard THOMPSON,9,1147.236581
2007,22,10.31142857,10.17,9.95,0.013366667,2.142857143,1,16021.42857,0.571428571,Richard THOMPSON,9,1147.236581
2008,23,10.11294118,10.05823529,9.89,0.010140441,2,1,6098.529412,0.941176471,Richard THOMPSON,9,1147.236581
2009,24,10.12142857,10.07142857,9.93,0.00669011,3.714285714,1,6157.714286,0.928571429,Richard THOMPSON,9,1147.236581
2010,25,10.16882353,10.11117647,9.89,0.012198529,2.352941176,1,10128.52941,0.823529412,Richard THOMPSON,9,1147.236581
2011,26,10.145,10.08833333,9.85,0.009767647,3.444444444,1,7655.666667,0.888888889,Richard THOMPSON,9,1147.236581
2012,27,10.166,10.121,9.96,0.011232222,3.8,1,10702.5,1,Richard THOMPSON,9,1147.236581
2013,28,10.30888889,10.14444444,9.91,0.011177778,3.555555556,1,12592.33333,0.555555556,Richard THOMPSON,9,1147.236581
2014,29,10.155,10.09555556,9.74,0.019026144,2.722222222,1,9583.277778,0.944444444,Richard THOMPSON,9,1147.236581
2015,30,10.26,10.11666667,10.04,0.017633333,4.333333333,1,11308,1,Richard THOMPSON,9,1147.236581
2016,31,10.29375,10.18125,9.97,0.0116125,2.625,1,17076.625,0.875,Richard THOMPSON,9,1147.236581
2021,36,10.505,10.285,10.27,0.00045,2.5,2,30664,0.5,Richard THOMPSON,9,1147.236581
1985,21,10.36,10.22,10.22,0,3,3,18909,1,Robson DA SILVA,5,1129.376263
1986,22,10.2,10.02,10.02,0,1,1,2531,1,Robson DA SILVA,5,1129.376263
1987,23,10.22,10.27,10.27,0,2,2,27452,1,Robson DA SILVA,5,1129.376263
1988,24,10.27727273,10.17090909,10,0.007209091,2.727272727,1,14773.54545,0.909090909,Robson DA SILVA,5,1129.376263
1989,25,10.1925,10.215,10.17,0.0009,1.5,1,18471.5,1,Robson DA SILVA,9,1129.376263
1990,26,10.24,10.19,10.12,0.0098,2.5,1,16667,1,Robson DA SILVA,9,1129.376263
1991,27,10.27666667,10.16555556,10.08,0.004377778,2.888888889,1,13324,0.888888889,Robson DA SILVA,9,1129.376263
1992,28,10.296,10.232,10.17,0.00187,2,1,21412.2,1,Robson DA SILVA,9,1129.376263
1993,29,10.27,10.255,10.2,0.001633333,1.75,1,25180.25,0.75,Robson DA SILVA,9,1129.376263
1995,31,10.18666667,10.22333333,10.18,0.003433333,3.333333333,2,20365.33333,1,Robson DA SILVA,9,1129.376263
1996,32,10.36,10.3,10.3,0,4,4,33876,1,Robson DA SILVA,9,1129.376263
1997,33,10.74,10.21,10.21,0,3,3,17420,0,Robson DA SILVA,9,1129.376263
2014,21,10.428,10.234,10.14,0.00423,1.8,1,22558.2,0.6,Ronnie BAKER,9,1144.561396
2015,22,10.25166667,10.0825,9.94,0.008765909,3,1,7119.083333,0.666666667,Ronnie BAKER,9,1144.561396
2016,23,10.249,10.132,9.95,0.008528889,1.9,1,11111.5,0.8,Ronnie BAKER,9,1144.561396
2017,24,10.07125,10.05125,9.86,0.018183929,3.125,1,7444.75,0.875,Ronnie BAKER,5,1144.561396
2018,25,9.990769231,9.921538462,9.78,0.003697436,1.230769231,1,836.9230769,0.923076923,Ronnie BAKER,5,1144.561396
2019,26,10.02333333,10.24666667,10.2,0.001733333,2.333333333,1,23665.66667,0.666666667,Ronnie BAKER,5,1144.561396
2020,27,10.25,10.115,10,0.02645,2,1,11217,1,Ronnie BAKER,5,1144.561396
2021,28,10.030625,9.95875,9.82,0.013078333,1.875,1,3083.1875,0.875,Ronnie BAKER,5,1144.561396
2008,19,10.505,10.285,10.28,5.00E-05,5,1,30462,0.5,Ryan BAILEY,9,1144.561396
2009,20,10.27428571,10.15428571,10.05,0.006928571,1.714285714,1,12801.28571,0.857142857,Ryan BAILEY,4,1144.561396
2010,21,10.11909091,10.11272727,9.88,0.012081818,2.818181818,1,9890.272727,0.909090909,Ryan BAILEY,4,1144.561396
2012,23,10.05571429,9.993571429,9.88,0.005178571,2.357142857,1,2435.571429,1,Ryan BAILEY,4,1144.561396
2013,24,10.20333333,10.16,10,0.01044,2.333333333,1,14227.5,0.833333333,Ryan BAILEY,9,1144.561396
2014,25,10.20272727,10.21454545,10.03,0.007047273,3.363636364,1,20533,0.909090909,Ryan BAILEY,9,1144.561396
2015,26,10.165,9.91,9.89,0.0008,2,2,542.5,0.5,Ryan BAILEY,9,1144.561396
1983,19,10.382,10.242,10.18,0.00307,2.6,1,23483.4,0.8,Sam GRADDY,2,1144.561396
1984,20,10.29333333,10.2,10.08,0.005036364,1.5,1,17854.16667,0.583333333,Sam GRADDY,2,1144.561396
1985,21,10.25333333,10.22333333,10.19,0.000933333,1.333333333,1,19650.66667,0.666666667,Sam GRADDY,9,1144.561396
1986,22,10.21166667,10.17777778,10.08,0.002694444,1.444444444,1,14143.44444,0.555555556,Sam GRADDY,9,1144.561396
1998,20,10.45,10.2,10.15,0.0022,1.666666667,1,16729.25,0.25,Shawn CRAWFORD,9,1144.561396
2000,22,10.295,10.20833333,10.16,0.002016667,3.25,1,17907.66667,1,Shawn CRAWFORD,9,1144.561396
2001,23,10.29461538,10.19153846,10.09,0.004214103,2.5,1,16441.30769,0.769230769,Shawn CRAWFORD,4,1144.561396
2002,24,10.17875,10.13375,9.94,0.013026786,3.125,1,12028.75,1,Shawn CRAWFORD,4,1144.561396
2003,25,10.202,10.15,10.07,0.003666667,2.6,1,11458.9,1,Shawn CRAWFORD,4,1144.561396
2004,26,10.06642857,9.984285714,9.86,0.011226374,1.428571429,1,3185.928571,0.785714286,Shawn CRAWFORD,4,1144.561396
2005,27,10.169,10.141,9.98,0.010321111,2.5,1,12390.6,0.8,Shawn CRAWFORD,9,1144.561396
2006,28,10.1665,10.1275,10.01,0.006872368,2.8,1,10462.7,0.9,Shawn CRAWFORD,9,1144.561396
2007,29,10.21777778,10.15555556,9.96,0.007427778,3.222222222,1,12873.66667,0.888888889,Shawn CRAWFORD,9,1144.561396
2008,30,10.29,10.18333333,10.09,0.004306667,6.166666667,5,15307.66667,0.833333333,Shawn CRAWFORD,9,1144.561396
2009,31,10.30125,10.17375,10.06,0.008598214,3.625,1,15487.5,0.625,Shawn CRAWFORD,9,1144.561396
2010,32,10.255,10.265,10.24,0.00125,4.5,4,26812.5,1,Shawn CRAWFORD,9,1144.561396
1973,18,10.4,10.27,10.24,0.0018,1,1,27978.5,1,Silvio LEONARD,9,1131.117647
1975,20,10.21,10.17666667,10.15,0.002133333,1,1,13748,0.666666667,Silvio LEONARD,9,1131.117647
1976,21,10.28,10.28,10.28,0,1,1,29380,0,Silvio LEONARD,9,1131.117647
1977,22,10.192,10.154,9.98,0.008537778,1.2,1,13104,0.9,Silvio LEONARD,2,1131.117647
1978,23,10.231,10.206,10.08,0.004426667,1.1,1,18398.5,0.5,Silvio LEONARD,2,1131.117647
1979,24,10.2825,10.2075,10.11,0.004507143,1.375,1,18686.75,0.75,Silvio LEONARD,2,1131.117647
1980,25,10.28666667,10.18666667,10.15,0.003033333,1.333333333,1,15179.33333,0.666666667,Silvio LEONARD,2,1131.117647
1984,29,10.39,10.28,10.28,0,4,4,29380,1,Silvio LEONARD,9,1131.117647
1982,21,10.34,10.19,10.19,0,1,1,14702,1,Tony SHARPE,8,1140.106017
1984,23,10.64,10.09,10.09,0,,,5722,0,Tony SHARPE,8,1140.106017
1985,24,10.44,10.3,10.3,0,5,5,33876,1,Tony SHARPE,9,1140.106017
2013,18,10.2775,10.155,9.99,0.014966667,1,1,14387,0.25,Trayvon BROMELL,8,1144.561396
2014,19,10.195,10.09375,9.77,0.018065,1.125,1,9762.375,0.875,Trayvon BROMELL,8,1144.561396
2015,20,10.084375,9.95,9.76,0.01148,1.375,1,2414.4375,0.625,Trayvon BROMELL,8,1144.561396
2016,21,10.13222222,10.00222222,9.84,0.011319444,2.333333333,1,3424.333333,0.777777778,Trayvon BROMELL,8,1144.561396
2017,22,10.26,10.22,10.22,0,2,2,18909,1,Trayvon BROMELL,9,1144.561396
2020,25,10.1275,9.95,9.87,0.0062,1,1,1417.5,0.75,Trayvon BROMELL,9,1144.561396
2021,26,10.03157895,9.943684211,9.76,0.01121345,1.947368421,1,1875.315789,0.842105263,Trayvon BROMELL,9,1144.561396
2001,19,10.28,10.28,10.28,0,1,1,29380,1,Tyson GAY,9,1144.561396
2002,20,10.45333333,10.23,10.08,0.010066667,2.25,1,23380.5,0.25,Tyson GAY,9,1144.561396
2003,21,10.4275,10.155,10.01,0.014166667,2.25,1,14507.5,0.25,Tyson GAY,9,1144.561396
2004,22,10.28222222,10.15666667,10.01,0.012675,2.111111111,1,14883.88889,0.666666667,Tyson GAY,9,1144.561396
2005,23,10.23333333,10.20833333,10.08,0.007096667,2.5,1,19542.66667,1,Tyson GAY,9,1144.561396
2006,24,10.03166667,9.995,9.84,0.0107,1.666666667,1,3237.416667,1,Tyson GAY,9,1144.561396
2007,25,10.02266667,10.00733333,9.76,0.021506667,1.2,1,5156.333333,0.866666667,Tyson GAY,9,1144.561396
2008,26,10.09,9.966666667,9.68,0.033925,2,1,4652.888889,0.777777778,Tyson GAY,9,1144.561396
2009,27,9.961428571,9.917142857,9.69,0.025652747,1.142857143,1,2634.5,0.857142857,Tyson GAY,8,1144.561396
2010,28,9.85375,9.90875,9.78,0.009126786,1,1,983.125,1,Tyson GAY,8,1144.561396
2011,29,10.02,10.02,9.79,0.0553,1.666666667,1,9297,0.333333333,Tyson GAY,8,1144.561396
2012,30,10.00142857,10.01,9.86,0.007333333,1.285714286,1,3187.285714,1,Tyson GAY,8,1144.561396
2014,32,10,9.993333333,9.93,0.003233333,3,1,2059,1,Tyson GAY,9,1144.561396
2015,33,10.012,9.947,9.79,0.01169,1.9,1,2053.9,0.8,Tyson GAY,9,1144.561396
2016,34,10.18625,10.0125,9.97,0.00145,2.625,1,2495.125,0.75,Tyson GAY,9,1144.561396
2017,35,10.2525,10.055,9.94,0.008966667,2.25,1,5279.5,0.25,Tyson GAY,9,1144.561396
2018,36,10.332,10.224,10.11,0.00518,2.4,1,21168.2,0.8,Tyson GAY,9,1144.561396
2019,37,10.63,10.27,10.27,0,2,2,27452,0,Tyson GAY,9,1144.561396
2007,21,10.1,10.03,10.03,0,1,1,2845,1,Usain BOLT,1,1151.202683
2008,22,9.933846154,9.893846154,9.69,0.026192308,1.076923077,1,2748.230769,1,Usain BOLT,1,1151.202683
2009,23,9.923846154,9.924615385,9.58,0.029410256,1.076923077,1,3026.384615,0.846153846,Usain BOLT,1,1151.202683
2010,24,9.91,9.918,9.82,0.01372,1.2,1,1621.8,1,Usain BOLT,1,1151.202683
2011,25,9.938571429,9.922857143,9.76,0.013590476,1,1,1657.714286,1,Usain BOLT,1,1151.202683
2012,26,9.953636364,9.89,9.63,0.02074,1.090909091,1,1477.454545,1,Usain BOLT,1,1151.202683
2013,27,9.939090909,9.938181818,9.77,0.010976364,1.090909091,1,1660.545455,1,Usain BOLT,1,1151.202683
2014,28,9.92,9.98,9.98,0,1,1,1489,1,Usain BOLT,1,1151.202683
2015,29,9.828,9.89,9.79,0.00515,1,1,564.8,1,Usain BOLT,1,1151.202683
2016,30,9.98125,9.98,9.81,0.014114286,1,1,3005.625,1,Usain BOLT,1,1151.202683
1971,22,10.14,10.27,10.27,0,1,1,27452,1,Valeriy BORZOV,1,1123.318182
1972,23,10.172,10.168,10.07,0.00637,1,1,14069.6,0.8,Valeriy BORZOV,1,1123.318182
1974,25,10.17,10.27,10.27,0,1,1,27452,1,Valeriy BORZOV,3,1123.318182
1975,26,10.245,10.2275,10.16,0.002825,1.5,1,20927.5,0.25,Valeriy BORZOV,3,1123.318182
1976,27,10.262,10.24,10.14,0.00465,1.8,1,23674,0.6,Valeriy BORZOV,3,1123.318182
1983,24,10.6,10.275,10.26,0.00045,2,2,28567,0,Vladimir MURAVYOV,9,1123.318182
1984,25,10.23,10.23,10.23,0,1,1,20480,1,Vladimir MURAVYOV,9,1123.318182
1985,26,10.28,10.22,10.22,0,2,2,18909,1,Vladimir MURAVYOV,9,1123.318182
1986,27,10.24,10.2,10.2,0,1,1,16027,1,Vladimir MURAVYOV,9,1123.318182
1987,28,10.44,10.26,10.26,0,1,1,25590,0.5,Vladimir MURAVYOV,9,1123.318182
1988,29,10.42,10.29,10.29,0,4,4,31544,1,Vladimir MURAVYOV,9,1123.318182
2003,17,,10.29,10.29,0,1,1,31544,0,Walter DIX,9,1144.561396
2004,18,10.36,10.28,10.28,0,1,1,29380,1,Walter DIX,9,1144.561396
2005,19,10.28083333,10.17916667,9.96,0.010153788,1.416666667,1,16635.41667,0.75,Walter DIX,3,1144.561396
2006,20,10.21,10.178,10.12,0.00262,2,1,14138.2,0.8,Walter DIX,3,1144.561396
2007,21,10.162,10.102,9.93,0.009995556,1.6,1,9071.2,0.9,Walter DIX,3,1144.561396
2008,22,10.07166667,10.01666667,9.8,0.018515152,2.25,1,5593.5,0.833333333,Walter DIX,3,1144.561396
2009,23,10.1625,10.075,10,0.0043,2,1,5638,0.75,Walter DIX,9,1144.561396
2010,24,10.0475,10.11,9.88,0.024257143,1.125,1,13073.5,0.75,Walter DIX,9,1144.561396
2011,25,10.085,10.07,9.94,0.006654545,1.5,1,6147.583333,0.916666667,Walter DIX,9,1144.561396
2012,26,10.165,10.02,9.85,0.016333333,2.25,1,4411,0.75,Walter DIX,9,1144.561396
2013,27,10.24666667,10.16111111,9.99,0.010811111,2.333333333,1,14832,0.888888889,Walter DIX,9,1144.561396
2014,28,10.43,10.27,10.27,0,8,8,27452,1,Walter DIX,9,1144.561396
2015,29,10.336,10.182,10.13,0.00192,3.4,1,14390.2,0.8,Walter DIX,9,1144.561396
2016,30,10.23857143,10.12857143,10.03,0.008447619,2,1,10706.28571,0.857142857,Walter DIX,9,1144.561396
2017,31,10.2775,10.15125,10,0.010098214,1.875,1,13397.25,0.5,Walter DIX,9,1144.561396
2018,32,10.426,10.204,10.16,0.00193,1.2,1,17241,0.4,Walter DIX,9,1144.561396
2019,33,10.375,10.22,10.19,0.0018,1,1,19236,1,Walter DIX,9,1144.561396
2007,18,10.226,10.192,10.11,0.00332,1.2,1,16023.2,1,Yohan BLAKE,9,1151.202683
2008,19,10.44333333,10.25,10.2,0.0019,1,1,24286.33333,0.666666667,Yohan BLAKE,9,1151.202683
2009,20,10.17,10.11666667,10.07,0.005233333,1.666666667,1,8593,1,Yohan BLAKE,2,1151.202683
2010,21,10.02454545,10.02636364,9.89,0.015525455,1.818181818,1,5792.636364,0.818181818,Yohan BLAKE,2,1151.202683
2011,22,9.955,9.957142857,9.8,0.012991209,1.142857143,1,2411.857143,0.857142857,Yohan BLAKE,2,1151.202683
2012,23,9.973846154,9.869230769,9.69,0.012591026,1.230769231,1,780.2307692,1,Yohan BLAKE,2,1151.202683
2014,25,10.05,10.115,10.02,0.01805,1.5,1,9975.5,1,Yohan BLAKE,4,1151.202683
2015,26,10.312,10.208,10.12,0.00317,1.6,1,18144.8,1,Yohan BLAKE,4,1151.202683
2016,27,10.066,10.036,9.93,0.015182222,1.7,1,6260.7,1,Yohan BLAKE,4,1151.202683
2017,28,10.027,10.024,9.9,0.008404444,1.4,1,4155.4,1,Yohan BLAKE,9,1151.202683
2018,29,10.09,10.05571429,9.94,0.006518681,2.571428571,1,5213.357143,0.928571429,Yohan BLAKE,9,1151.202683
2019,30,10.07,10.04857143,9.96,0.005259341,1.857142857,1,4657.642857,1,Yohan BLAKE,9,1151.202683
2020,31,10.16666667,10.14,10.07,0.0043,1.333333333,1,10338.33333,0.666666667,Yohan BLAKE,9,1151.202683
2021,32,10.18066667,10.06533333,9.95,0.010212381,1.6,1,6950.6,0.733333333,Yohan BLAKE,9,1151.202683
2013,18,10.35,10.24,10.23,0.0002,5,3,22125,1,Zharnel HUGHES,9,1137.753126
2014,19,10.25,10.12,10.12,0,1,1,7744,1,Zharnel HUGHES,9,1137.753126
2015,20,10.31,10.15,10.15,0,1,1,10382,1,Zharnel HUGHES,9,1137.753126
2016,21,10.24,10.1,10.1,0,3,3,6354,1,Zharnel HUGHES,9,1137.753126
2017,22,10.12666667,10.11,10.08,0.0007,1.666666667,1,7159,0.666666667,Zharnel HUGHES,7,1137.753126
2018,23,10.08583333,10.03916667,9.91,0.01097197,1.583333333,1,5412.666667,0.916666667,Zharnel HUGHES,7,1137.753126
2019,24,10.03333333,10.06916667,9.95,0.011062879,2.333333333,1,7056.083333,1,Zharnel HUGHES,7,1137.753126
2021,26,10.076,10.07,9.98,0.0044,1.8,1,5383,1,Zharnel HUGHES,7,1137.753126
